--POBLANDOOK
--CICLO UNO
ALTER SESSION SET NLS_DATE_FORMAT = 'DD/MM/YYYY';
    /*PoblarOK*/
    insert into Personas (id, nombre, apellido, telefono, direccion, fechaDeNacimiento) values (10000000, 'Steven', 'Stainbridge', '3476808419', '961 Corry Junction', '20/05/1982');
    insert into Personas (id, nombre, apellido, telefono, direccion, fechaDeNacimiento) values (10000001, 'Jeramie', 'De Metz', '3587669264', '1118 Crescent Oaks Way', '09/04/1986');
    insert into Personas (id, nombre, apellido, telefono, direccion, fechaDeNacimiento) values (10000002, 'Donica', 'MacNucator', '3876397447', '68 Ramsey Plaza', '17/06/2002');
    insert into Personas (id, nombre, apellido, telefono, direccion, fechaDeNacimiento) values (10000003, 'Berta', 'McVity', '3663167651', '86 Armistice Point', '05/11/2002');
    insert into Personas (id, nombre, apellido, telefono, direccion, fechaDeNacimiento) values (10000004, 'Kort', 'Palke', '3748586696', '7 Wayridge Avenue', '26/11/1987');
    insert into Personas (id, nombre, apellido, telefono, direccion, fechaDeNacimiento) values (10000005, 'Neely', 'Ecles', '3808644017', '96365 Erie Way', '23/11/1991');
    insert into Personas (id, nombre, apellido, telefono, direccion, fechaDeNacimiento) values (10000006, 'Linus', 'Tweddell', '3180884226', '5232 Sundown Drive', '15/02/1990');
    insert into Personas (id, nombre, apellido, telefono, direccion, fechaDeNacimiento) values (10000007, 'Way', 'Randall', '3692322915', '839 Annamark Place', '16/03/1996');
    insert into Personas (id, nombre, apellido, telefono, direccion, fechaDeNacimiento) values (10000008, 'Arlinda', 'Glaves', '3150406130', '5 Roxbury Circle', '15/02/1987');
    insert into Personas (id, nombre, apellido, telefono, direccion, fechaDeNacimiento) values (10000009, 'Franz', 'Garstan', '3169312177', '5 Washington Court', '27/04/1981');
    insert into Personas (id, nombre, apellido, telefono, direccion, fechaDeNacimiento) values (10000010, 'Ronica', 'Connachan', '3761327516', '3 Dixon Street', '03/01/2008');
    insert into Personas (id, nombre, apellido, telefono, direccion, fechaDeNacimiento) values (10000011, 'Allis', 'Chiswell', '3870778313', '4718 Eagle Crest Street', '19/02/1990');
    insert into Personas (id, nombre, apellido, telefono, direccion, fechaDeNacimiento) values (10000012, 'Kaja', 'Sawnwy', '3242493016', '5084 Harbort Trail', '19/06/1982');
    insert into Personas (id, nombre, apellido, telefono, direccion, fechaDeNacimiento) values (10000013, 'Cos', 'Del Castello', '3841549871', '834 Havey Avenue', '20/08/1980');
    insert into Personas (id, nombre, apellido, telefono, direccion, fechaDeNacimiento) values (10000014, 'Nat', 'Tonn', '3186903689', '7530 Corscot Street', '27/09/1989');
    insert into Personas (id, nombre, apellido, telefono, direccion, fechaDeNacimiento) values (10000015, 'Hakim', 'Rymour', '3066321742', '1492 Swallow Parkway', '14/05/1995');
    insert into Personas (id, nombre, apellido, telefono, direccion, fechaDeNacimiento) values (10000016, 'Clim', 'Skillitt', '3870185835', '618 Mesta Hill', '17/11/1993');
    insert into Personas (id, nombre, apellido, telefono, direccion, fechaDeNacimiento) values (10000017, 'Kellby', 'Cooke', '3278395980', '35517 Weeping Birch Drive', '05/11/2000');
    insert into Personas (id, nombre, apellido, telefono, direccion, fechaDeNacimiento) values (10000018, 'Forster', 'Zumbusch', '3837994658', '00039 Holmberg Point', '20/04/2005');
    insert into Personas (id, nombre, apellido, telefono, direccion, fechaDeNacimiento) values (10000019, 'Wendall', 'Pahl', '3628748573', '5 Lindbergh Point', '12/12/1984');
    insert into Personas (id, nombre, apellido, telefono, direccion, fechaDeNacimiento) values (10000020, 'Zebulen', 'Zuanazzi', '3032491693', '9431 Grasskamp Drive', '10/01/2006');
    insert into Personas (id, nombre, apellido, telefono, direccion, fechaDeNacimiento) values (10000021, 'Kelley', 'Ropars', '3591461572', '519 Golf View Street', '24/03/1989');
    insert into Personas (id, nombre, apellido, telefono, direccion, fechaDeNacimiento) values (10000022, 'Alis', 'Talton', '3156253760', '69000 Saint Paul Alley', '27/07/1983');
    insert into Personas (id, nombre, apellido, telefono, direccion, fechaDeNacimiento) values (10000023, 'Garreth', 'MacGettigen', '3880229494', '6 Fair Oaks Junction', '20/03/1998');
    insert into Personas (id, nombre, apellido, telefono, direccion, fechaDeNacimiento) values (10000024, 'Bradan', 'Habben', '3667420742', '173 Rusk Avenue', '17/12/2005');
    insert into Personas (id, nombre, apellido, telefono, direccion, fechaDeNacimiento) values (10000025, 'Vachel', 'Scotter', '3390782207', '3551 Dakota Drive', '25/11/1992');
    insert into Personas (id, nombre, apellido, telefono, direccion, fechaDeNacimiento) values (10000026, 'Ossie', 'Nairns', '3861197491', '9 Hallows Point', '29/10/1989');
    insert into Personas (id, nombre, apellido, telefono, direccion, fechaDeNacimiento) values (10000027, 'Cari', 'May', '3235384611', '37693 Fuller Lane', '12/11/1984');
    insert into Personas (id, nombre, apellido, telefono, direccion, fechaDeNacimiento) values (10000028, 'Denyse', 'Hosburn', '3815190067', '58912 Bultman Terrace', '03/10/1992');
    insert into Personas (id, nombre, apellido, telefono, direccion, fechaDeNacimiento) values (10000029, 'Stevy', 'Knellen', '3850287411', '135 Jackson Junction', '09/01/1985');
    insert into Personas (id, nombre, apellido, telefono, direccion, fechaDeNacimiento) values (10000030, 'Kerry', 'Ruller', '3028037538', '690 Schiller Avenue', '26/06/1983');
    insert into Personas (id, nombre, apellido, telefono, direccion, fechaDeNacimiento) values (10000031, 'Cassondra', 'Gawn', '3556190978', '2159 Butterfield Center', '12/10/1990');
    insert into Personas (id, nombre, apellido, telefono, direccion, fechaDeNacimiento) values (10000032, 'Raymund', 'Tettley', '3684876855', '1459 Delladonna Drive', '16/09/1999');
    insert into Personas (id, nombre, apellido, telefono, direccion, fechaDeNacimiento) values (10000033, 'Bria', 'Matejic', '3981079625', '2827 Derek Parkway', '20/05/1999');
    insert into Personas (id, nombre, apellido, telefono, direccion, fechaDeNacimiento) values (10000034, 'Jared', 'Curley', '3650075534', '95232 Monica Center', '14/02/1993');
    insert into Personas (id, nombre, apellido, telefono, direccion, fechaDeNacimiento) values (10000035, 'Jacklin', 'Barniss', '3515564126', '8160 Green Terrace', '29/01/2008');
    insert into Personas (id, nombre, apellido, telefono, direccion, fechaDeNacimiento) values (10000036, 'Celia', 'Begent', '3090676466', '9 Pierstorff Alley', '14/12/2004');
    insert into Personas (id, nombre, apellido, telefono, direccion, fechaDeNacimiento) values (10000037, 'Johann', 'Retter', '3781280928', '6767 Eastlawn Avenue', '28/03/1983');
    insert into Personas (id, nombre, apellido, telefono, direccion, fechaDeNacimiento) values (10000038, 'Branden', 'Rzehor', '3029823622', '5454 Myrtle Drive', '05/10/1991');
    insert into Personas (id, nombre, apellido, telefono, direccion, fechaDeNacimiento) values (10000039, 'Alard', 'Mathews', '3781957345', '19876 Mariners Cove Circle', '23/04/2003');
    insert into Personas (id, nombre, apellido, telefono, direccion, fechaDeNacimiento) values (10000040, 'Colly', 'Hughs', '3497735562', '907 Division Street', '04/06/2007');
    insert into Personas (id, nombre, apellido, telefono, direccion, fechaDeNacimiento) values (10000041, 'Lethia', 'Greaser', '3251875537', '817 Burning Wood Terrace', '04/10/2005');
    insert into Personas (id, nombre, apellido, telefono, direccion, fechaDeNacimiento) values (10000042, 'Kippy', 'O''Lochan', '3722442723', '0401 Derek Circle', '04/12/2000');
    insert into Personas (id, nombre, apellido, telefono, direccion, fechaDeNacimiento) values (10000043, 'Gallard', 'Gurys', '3310715120', '5 Vernon Parkway', '08/08/1980');
    insert into Personas (id, nombre, apellido, telefono, direccion, fechaDeNacimiento) values (10000044, 'Katine', 'Tosney', '3510898766', '025 Bashford Junction', '07/06/1990');
    insert into Personas (id, nombre, apellido, telefono, direccion, fechaDeNacimiento) values (10000045, 'Marika', 'Peebles', '3922338035', '657 Coolidge Terrace', '10/12/1992');
    insert into Personas (id, nombre, apellido, telefono, direccion, fechaDeNacimiento) values (10000046, 'Orson', 'Veracruysse', '3607368999', '90850 Tomscot Court', '03/10/1994');
    insert into Personas (id, nombre, apellido, telefono, direccion, fechaDeNacimiento) values (10000047, 'Nickie', 'Klimkin', '3085872385', '63452 Meadow Valley Hill', '29/09/1999');
    insert into Personas (id, nombre, apellido, telefono, direccion, fechaDeNacimiento) values (10000048, 'Hedy', 'Dahler', '3974491927', '306 Sauthoff Street', '11/07/2007');
    insert into Personas (id, nombre, apellido, telefono, direccion, fechaDeNacimiento) values (10000049, 'Sascha', 'Kermit', '3598986352', '01 Veith Parkway', '08/01/1986');
    insert into Personas (id, nombre, apellido, telefono, direccion, fechaDeNacimiento) values (10000050, 'Eden', 'Pierrepont', '3402354759', '89 Scoville Way', '02/10/1995');
    insert into Personas (id, nombre, apellido, telefono, direccion, fechaDeNacimiento) values (10000051, 'Stefan', 'Auchinleck', '3259816573', '0876 Hazelcrest Circle', '27/08/2007');
    insert into Personas (id, nombre, apellido, telefono, direccion, fechaDeNacimiento) values (10000052, 'Gerrie', 'Pumfrey', '3194842013', '16955 Independence Place', '28/07/2000');
    insert into Personas (id, nombre, apellido, telefono, direccion, fechaDeNacimiento) values (10000053, 'Zacharia', 'McCulloch', '3072961957', '8069 Brown Park', '12/11/2005');
    insert into Personas (id, nombre, apellido, telefono, direccion, fechaDeNacimiento) values (10000054, 'Tallia', 'Christescu', '3298237211', '952 Dryden Road', '20/05/2005');
    insert into Personas (id, nombre, apellido, telefono, direccion, fechaDeNacimiento) values (10000055, 'Cassandra', 'Methingam', '3625880291', '2656 Atwood Street', '18/10/1987');
    insert into Personas (id, nombre, apellido, telefono, direccion, fechaDeNacimiento) values (10000056, 'Kariotta', 'Lambard', '3822416020', '645 Bashford Avenue', '17/02/2003');
    insert into Personas (id, nombre, apellido, telefono, direccion, fechaDeNacimiento) values (10000057, 'Farrell', 'Garvey', '3648738331', '6812 Scoville Place', '18/11/1988');
    insert into Personas (id, nombre, apellido, telefono, direccion, fechaDeNacimiento) values (10000058, 'Benton', 'Daile', '3351531578', '36696 Crest Line Terrace', '02/06/1988');
    insert into Personas (id, nombre, apellido, telefono, direccion, fechaDeNacimiento) values (10000059, 'Ashlen', 'Hache', '3242787791', '34 Weeping Birch Point', '08/05/2007');
    insert into Personas (id, nombre, apellido, telefono, direccion, fechaDeNacimiento) values (10000060, 'Candida', 'Knowlden', '3824323939', '6618 Huxley Center', '16/11/2006');
    insert into Personas (id, nombre, apellido, telefono, direccion, fechaDeNacimiento) values (10000061, 'Carma', 'Highwood', '3759673923', '06702 Eastwood Place', '27/02/1990');
    insert into Personas (id, nombre, apellido, telefono, direccion, fechaDeNacimiento) values (10000062, 'Jozef', 'Kapelhoff', '3042330275', '6762 Morrow Pass', '21/11/2007');
    insert into Personas (id, nombre, apellido, telefono, direccion, fechaDeNacimiento) values (10000063, 'Cammy', 'Senn', '3365952870', '3 Harper Parkway', '31/05/2001');
    insert into Personas (id, nombre, apellido, telefono, direccion, fechaDeNacimiento) values (10000064, 'Gussi', 'Bulluck', '3614930815', '0 Spohn Lane', '30/04/2001');
    insert into Personas (id, nombre, apellido, telefono, direccion, fechaDeNacimiento) values (10000065, 'Aryn', 'Cornehl', '3132741000', '9034 New Castle Point', '21/10/1988');
    insert into Personas (id, nombre, apellido, telefono, direccion, fechaDeNacimiento) values (10000066, 'Henderson', 'McIsaac', '3105639942', '465 Buhler Hill', '11/02/1995');
    insert into Personas (id, nombre, apellido, telefono, direccion, fechaDeNacimiento) values (10000067, 'Heda', 'Quelch', '3984910784', '7372 Longview Junction', '21/10/1996');
    insert into Personas (id, nombre, apellido, telefono, direccion, fechaDeNacimiento) values (10000068, 'Hinda', 'Le Sieur', '3870548811', '660 Springs Avenue', '01/06/1986');
    insert into Personas (id, nombre, apellido, telefono, direccion, fechaDeNacimiento) values (10000069, 'Tull', 'Dugood', '3487662594', '33039 Hermina Plaza', '06/11/1997');
    insert into Personas (id, nombre, apellido, telefono, direccion, fechaDeNacimiento) values (10000070, 'Cherilyn', 'Rebeiro', '3642007171', '9 Service Crossing', '01/07/1997');
    insert into Personas (id, nombre, apellido, telefono, direccion, fechaDeNacimiento) values (10000071, 'Barry', 'Gouinlock', '3930471545', '6463 Manitowish Center', '28/02/1986');
    insert into Personas (id, nombre, apellido, telefono, direccion, fechaDeNacimiento) values (10000072, 'Rodolph', 'Dederich', '3491931042', '1 Florence Drive', '10/04/2001');
    insert into Personas (id, nombre, apellido, telefono, direccion, fechaDeNacimiento) values (10000073, 'Devi', 'Saur', '3536527082', '958 Artisan Parkway', '05/03/1985');
    insert into Personas (id, nombre, apellido, telefono, direccion, fechaDeNacimiento) values (10000074, 'Murvyn', 'Denness', '3994461968', '9 Russell Point', '15/08/1997');
    insert into Personas (id, nombre, apellido, telefono, direccion, fechaDeNacimiento) values (10000075, 'Clarisse', 'Rawlins', '3885740571', '8 Fairview Crossing', '03/09/1980');
    insert into Personas (id, nombre, apellido, telefono, direccion, fechaDeNacimiento) values (10000076, 'Tyne', 'Stanfield', '3675217348', '1 Arizona Alley', '14/11/2005');
    insert into Personas (id, nombre, apellido, telefono, direccion, fechaDeNacimiento) values (10000077, 'Reggy', 'Tetla', '3940542347', '66 Monterey Park', '20/12/1997');
    insert into Personas (id, nombre, apellido, telefono, direccion, fechaDeNacimiento) values (10000078, 'Diannne', 'Rapper', '3640554465', '5 Spaight Pass', '19/04/1988');
    insert into Personas (id, nombre, apellido, telefono, direccion, fechaDeNacimiento) values (10000079, 'Walther', 'Dannell', '3395450793', '44 Bluestem Junction', '10/11/1998');
    insert into Personas (id, nombre, apellido, telefono, direccion, fechaDeNacimiento) values (10000080, 'Mark', 'Daniello', '3906145091', '2 Badeau Place', '22/11/1988');
    insert into Personas (id, nombre, apellido, telefono, direccion, fechaDeNacimiento) values (10000081, 'Inga', 'Durgan', '3671921213', '0 Cascade Avenue', '12/11/1994');
    insert into Personas (id, nombre, apellido, telefono, direccion, fechaDeNacimiento) values (10000082, 'Demott', 'Le Port', '3793256124', '4 Brown Alley', '01/03/2003');
    insert into Personas (id, nombre, apellido, telefono, direccion, fechaDeNacimiento) values (10000083, 'Aeriela', 'Trank', '3680949709', '024 Hanover Plaza', '30/10/2003');
    insert into Personas (id, nombre, apellido, telefono, direccion, fechaDeNacimiento) values (10000084, 'Patti', 'Linklet', '3774311437', '7519 Anderson Place', '06/09/1997');
    insert into Personas (id, nombre, apellido, telefono, direccion, fechaDeNacimiento) values (10000085, 'Saunders', 'Soff', '3631772970', '872 Washington Center', '09/03/2004');
    insert into Personas (id, nombre, apellido, telefono, direccion, fechaDeNacimiento) values (10000086, 'Mari', 'Meachen', '3827166090', '1 Haas Crossing', '27/05/1994');
    insert into Personas (id, nombre, apellido, telefono, direccion, fechaDeNacimiento) values (10000087, 'Queenie', 'Hamlen', '3007584935', '5 Emmet Circle', '22/06/2004');
    insert into Personas (id, nombre, apellido, telefono, direccion, fechaDeNacimiento) values (10000088, 'Seth', 'Norsister', '3614085373', '8 Messerschmidt Road', '03/02/1997');
    insert into Personas (id, nombre, apellido, telefono, direccion, fechaDeNacimiento) values (10000089, 'Joete', 'Vannoort', '3167688814', '900 Carioca Street', '08/01/1995');
    insert into Personas (id, nombre, apellido, telefono, direccion, fechaDeNacimiento) values (10000090, 'Elsi', 'Scoyne', '3825651815', '89 Basil Way', '26/05/1981');
    insert into Personas (id, nombre, apellido, telefono, direccion, fechaDeNacimiento) values (10000091, 'Rich', 'Paddie', '3319002343', '93 Ludington Parkway', '30/06/2001');
    insert into Personas (id, nombre, apellido, telefono, direccion, fechaDeNacimiento) values (10000092, 'Swen', 'Kiggel', '3325063217', '78346 Hudson Alley', '07/03/1981');
    insert into Personas (id, nombre, apellido, telefono, direccion, fechaDeNacimiento) values (10000093, 'Krissy', 'Colston', '3528112804', '39 Green Circle', '24/05/1994');
    insert into Personas (id, nombre, apellido, telefono, direccion, fechaDeNacimiento) values (10000094, 'Teodoro', 'Troup', '3919065064', '706 Sachtjen Court', '24/06/1987');
    insert into Personas (id, nombre, apellido, telefono, direccion, fechaDeNacimiento) values (10000095, 'Joli', 'Balma', '3075823634', '7 Scott Center', '28/03/1987');
    insert into Personas (id, nombre, apellido, telefono, direccion, fechaDeNacimiento) values (10000096, 'Ashli', 'McGeouch', '3869919717', '540 Ryan Road', '24/09/2005');
    insert into Personas (id, nombre, apellido, telefono, direccion, fechaDeNacimiento) values (10000097, 'Lesley', 'Luetchford', '3249354550', '7301 Warner Drive', '19/11/1993');
    insert into Personas (id, nombre, apellido, telefono, direccion, fechaDeNacimiento) values (10000098, 'Jilleen', 'Downie', '3114076409', '92 Swallow Avenue', '26/01/1991');
    insert into Personas (id, nombre, apellido, telefono, direccion, fechaDeNacimiento) values (10000099, 'Rea', 'Usherwood', '3361169806', '92 Steensland Circle', '21/09/1987');
    insert into Personas (id, nombre, apellido, telefono, direccion, fechaDeNacimiento) values (10000100, 'Ronnie', 'Hansel', '3554700526', '7950 Northwestern Terrace', '27/11/1980');
    insert into Personas (id, nombre, apellido, telefono, direccion, fechaDeNacimiento) values (10000101, 'Mira', 'Leagas', '3571720428', '214 Towne Crossing', '06/10/2001');
    insert into Personas (id, nombre, apellido, telefono, direccion, fechaDeNacimiento) values (10000102, 'Rosemaria', 'Kittel', '3180463751', '702 Milwaukee Trail', '21/03/1981');
    insert into Personas (id, nombre, apellido, telefono, direccion, fechaDeNacimiento) values (10000103, 'Vincenz', 'Roly', '3923905384', '09 Merry Trail', '13/07/2005');
    insert into Personas (id, nombre, apellido, telefono, direccion, fechaDeNacimiento) values (10000104, 'Rey', 'Learmont', '3358563933', '0 Crest Line Street', '17/04/1995');
    insert into Personas (id, nombre, apellido, telefono, direccion, fechaDeNacimiento) values (10000105, 'Gayle', 'McFarlan', '3534364764', '6411 Spaight Drive', '27/11/1994');
    insert into Personas (id, nombre, apellido, telefono, direccion, fechaDeNacimiento) values (10000106, 'Margaret', 'Dignon', '3932955518', '90 Michigan Court', '22/11/1986');
    insert into Personas (id, nombre, apellido, telefono, direccion, fechaDeNacimiento) values (10000107, 'Talia', 'Lefever', '3782675430', '19 Bonner Center', '20/10/1996');
    insert into Personas (id, nombre, apellido, telefono, direccion, fechaDeNacimiento) values (10000108, 'Rip', 'Loughlin', '3552191659', '894 Gulseth Crossing', '05/09/1991');
    insert into Personas (id, nombre, apellido, telefono, direccion, fechaDeNacimiento) values (10000109, 'Renee', 'Clashe', '3877128190', '690 Mayfield Trail', '02/07/1985');
    insert into Personas (id, nombre, apellido, telefono, direccion, fechaDeNacimiento) values (10000110, 'Belle', 'Gullivent', '3690490304', '97129 Stone Corner Way', '02/10/1994');
    insert into Personas (id, nombre, apellido, telefono, direccion, fechaDeNacimiento) values (10000111, 'Spenser', 'Van der Velden', '3587689010', '6 Bowman Terrace', '24/06/2007');
    insert into Personas (id, nombre, apellido, telefono, direccion, fechaDeNacimiento) values (10000112, 'Allyn', 'Swalough', '3997027217', '52 Randy Terrace', '08/01/1988');
    insert into Personas (id, nombre, apellido, telefono, direccion, fechaDeNacimiento) values (10000113, 'Amy', 'Verring', '3220492657', '11 Lerdahl Circle', '26/04/1986');
    insert into Personas (id, nombre, apellido, telefono, direccion, fechaDeNacimiento) values (10000114, 'Laetitia', 'Dosdill', '3484385097', '66 7th Trail', '22/10/1984');
    insert into Personas (id, nombre, apellido, telefono, direccion, fechaDeNacimiento) values (10000115, 'Arly', 'Ramstead', '3809359472', '509 Dunning Parkway', '19/04/2005');
    insert into Personas (id, nombre, apellido, telefono, direccion, fechaDeNacimiento) values (10000116, 'Candra', 'Postle', '3047196391', '52044 Welch Center', '04/06/1980');
    insert into Personas (id, nombre, apellido, telefono, direccion, fechaDeNacimiento) values (10000117, 'Boris', 'Skillanders', '3012089864', '7 Vermont Place', '30/11/1980');
    insert into Personas (id, nombre, apellido, telefono, direccion, fechaDeNacimiento) values (10000118, 'Henrietta', 'Kenlin', '3038463320', '379 Cascade Avenue', '20/04/2001');
    insert into Personas (id, nombre, apellido, telefono, direccion, fechaDeNacimiento) values (10000119, 'Karalee', 'Pawelski', '3977406565', '33657 Dunning Pass', '13/05/2001');
    insert into Personas (id, nombre, apellido, telefono, direccion, fechaDeNacimiento) values (10000120, 'Aubree', 'O''Corren', '3377741952', '484 Dahle Way', '26/09/1992');
    insert into Personas (id, nombre, apellido, telefono, direccion, fechaDeNacimiento) values (10000121, 'Tybi', 'Kincaid', '3294463444', '94096 Pennsylvania Plaza', '03/11/2006');
    insert into Personas (id, nombre, apellido, telefono, direccion, fechaDeNacimiento) values (10000122, 'Konstantine', 'Sheara', '3187677010', '9 Kim Court', '20/03/1991');
    insert into Personas (id, nombre, apellido, telefono, direccion, fechaDeNacimiento) values (10000123, 'Michele', 'Spencer', '3472319608', '94236 Eastlawn Alley', '16/10/2000');
    insert into Personas (id, nombre, apellido, telefono, direccion, fechaDeNacimiento) values (10000124, 'Renee', 'Bettesworth', '3874817922', '2 Tony Drive', '20/12/1985');
    insert into Personas (id, nombre, apellido, telefono, direccion, fechaDeNacimiento) values (10000125, 'Mimi', 'Harston', '3484635620', '746 Armistice Drive', '26/10/2003');
    insert into Personas (id, nombre, apellido, telefono, direccion, fechaDeNacimiento) values (10000126, 'Frasquito', 'Brammer', '3808673047', '50 Forest Junction', '01/10/1985');
    insert into Personas (id, nombre, apellido, telefono, direccion, fechaDeNacimiento) values (10000127, 'Joellen', 'Sutheran', '3960138512', '8 Linden Way', '20/02/1981');
    insert into Personas (id, nombre, apellido, telefono, direccion, fechaDeNacimiento) values (10000128, 'Zahara', 'Patterfield', '3207508247', '0468 Maple Way', '18/07/1996');
    insert into Personas (id, nombre, apellido, telefono, direccion, fechaDeNacimiento) values (10000129, 'Ashlan', 'Stenyng', '3192452571', '75741 Spohn Trail', '29/06/2000');
    insert into Personas (id, nombre, apellido, telefono, direccion, fechaDeNacimiento) values (10000130, 'Conrad', 'Sloane', '3760514147', '10 Sutteridge Point', '25/11/2004');
    insert into Personas (id, nombre, apellido, telefono, direccion, fechaDeNacimiento) values (10000131, 'Basilio', 'Tathacott', '3473429436', '2761 Petterle Plaza', '20/07/2000');
    insert into Personas (id, nombre, apellido, telefono, direccion, fechaDeNacimiento) values (10000132, 'Jeanine', 'Alti', '3025373006', '160 Luster Road', '03/04/1981');
    insert into Personas (id, nombre, apellido, telefono, direccion, fechaDeNacimiento) values (10000133, 'Tammi', 'Altofts', '3645056803', '814 Brickson Park Avenue', '11/06/1983');
    insert into Personas (id, nombre, apellido, telefono, direccion, fechaDeNacimiento) values (10000134, 'Yalonda', 'Wildman', '3221740128', '323 Sommers Road', '18/03/1991');
    insert into Personas (id, nombre, apellido, telefono, direccion, fechaDeNacimiento) values (10000135, 'Joli', 'Cranmor', '3145648285', '945 Twin Pines Hill', '11/05/2004');
    insert into Personas (id, nombre, apellido, telefono, direccion, fechaDeNacimiento) values (10000136, 'Brody', 'De Vuyst', '3640749944', '49097 Oneill Point', '12/04/1985');
    insert into Personas (id, nombre, apellido, telefono, direccion, fechaDeNacimiento) values (10000137, 'Hallie', 'Schimke', '3066277435', '51 Banding Point', '11/09/2007');
    insert into Personas (id, nombre, apellido, telefono, direccion, fechaDeNacimiento) values (10000138, 'Tove', 'Neely', '3315483350', '29419 Waywood Drive', '09/02/1988');
    insert into Personas (id, nombre, apellido, telefono, direccion, fechaDeNacimiento) values (10000139, 'Rutger', 'Surmeyers', '3047141400', '89 Thackeray Junction', '07/03/2007');
    insert into Personas (id, nombre, apellido, telefono, direccion, fechaDeNacimiento) values (10000140, 'Timmy', 'Curreen', '3548844107', '522 Twin Pines Point', '14/04/2003');
    insert into Personas (id, nombre, apellido, telefono, direccion, fechaDeNacimiento) values (10000141, 'Tommi', 'Jamison', '3500563815', '3 Forster Trail', '29/10/1980');
    insert into Personas (id, nombre, apellido, telefono, direccion, fechaDeNacimiento) values (10000142, 'Englebert', 'Sones', '3065678217', '45 Westridge Lane', '04/04/1989');
    insert into Personas (id, nombre, apellido, telefono, direccion, fechaDeNacimiento) values (10000143, 'Fawn', 'Ragsdall', '3461046109', '41 Nancy Court', '09/10/1994');
    insert into Personas (id, nombre, apellido, telefono, direccion, fechaDeNacimiento) values (10000144, 'Jany', 'Venditti', '3937811560', '69243 Harper Place', '25/03/1989');
    insert into Personas (id, nombre, apellido, telefono, direccion, fechaDeNacimiento) values (10000145, 'Carlos', 'Divine', '3867285687', '9192 Burrows Alley', '01/12/2005');
    insert into Personas (id, nombre, apellido, telefono, direccion, fechaDeNacimiento) values (10000146, 'Janina', 'Cardenoza', '3886617126', '82440 Union Park', '12/12/1998');
    insert into Personas (id, nombre, apellido, telefono, direccion, fechaDeNacimiento) values (10000147, 'Ase', 'Czajkowska', '3946146421', '5302 International Terrace', '09/02/1981');
    insert into Personas (id, nombre, apellido, telefono, direccion, fechaDeNacimiento) values (10000148, 'Penn', 'Charge', '3814666382', '81724 Northfield Pass', '28/10/1986');
    insert into Personas (id, nombre, apellido, telefono, direccion, fechaDeNacimiento) values (10000149, 'Lib', 'Raspin', '3516673923', '95 Cascade Road', '18/01/1991');
    insert into Personas (id, nombre, apellido, telefono, direccion, fechaDeNacimiento) values (10000150, 'Babara', 'Westpfel', '3852643459', '73156 Hooker Court', '27/02/1990');
    insert into Personas (id, nombre, apellido, telefono, direccion, fechaDeNacimiento) values (10000151, 'Lancelot', 'Tembey', '3578282724', '3 Bobwhite Parkway', '14/06/1991');
    insert into Personas (id, nombre, apellido, telefono, direccion, fechaDeNacimiento) values (10000152, 'Christophe', 'Hawkeridge', '3199092138', '12 Nelson Alley', '10/08/1982');
    insert into Personas (id, nombre, apellido, telefono, direccion, fechaDeNacimiento) values (10000153, 'Isaac', 'Wittke', '3244105401', '26 Comanche Road', '08/01/1998');
    insert into Personas (id, nombre, apellido, telefono, direccion, fechaDeNacimiento) values (10000154, 'Edd', 'Erickson', '3837749465', '11777 Browning Parkway', '24/03/2003');
    insert into Personas (id, nombre, apellido, telefono, direccion, fechaDeNacimiento) values (10000155, 'Diena', 'Muffen', '3728912821', '80 Westport Pass', '08/06/1984');
    insert into Personas (id, nombre, apellido, telefono, direccion, fechaDeNacimiento) values (10000156, 'Sharla', 'Mc Cahey', '3407624119', '6 Melrose Place', '21/07/1984');
    insert into Personas (id, nombre, apellido, telefono, direccion, fechaDeNacimiento) values (10000157, 'Mike', 'Petegre', '3161334046', '7 Fieldstone Crossing', '10/09/2004');
    insert into Personas (id, nombre, apellido, telefono, direccion, fechaDeNacimiento) values (10000158, 'Hailee', 'Weild', '3325742846', '8953 Becker Circle', '25/06/1994');
    insert into Personas (id, nombre, apellido, telefono, direccion, fechaDeNacimiento) values (10000159, 'Gigi', 'Boodle', '3258271568', '8 Vernon Street', '28/08/2002');
    insert into Personas (id, nombre, apellido, telefono, direccion, fechaDeNacimiento) values (10000160, 'Fionna', 'Jenkin', '3192696752', '13263 Ilene Terrace', '14/06/1983');
    insert into Personas (id, nombre, apellido, telefono, direccion, fechaDeNacimiento) values (10000161, 'Hedda', 'Bispo', '3966438989', '1 Ohio Way', '02/02/1997');
    insert into Personas (id, nombre, apellido, telefono, direccion, fechaDeNacimiento) values (10000162, 'Max', 'Tregido', '3360200394', '1983 Northridge Avenue', '11/03/1983');
    insert into Personas (id, nombre, apellido, telefono, direccion, fechaDeNacimiento) values (10000163, 'Yvonne', 'Belhomme', '3905556451', '3685 Mitchell Avenue', '18/03/1996');
    insert into Personas (id, nombre, apellido, telefono, direccion, fechaDeNacimiento) values (10000164, 'Alyssa', 'Scholar', '3397517515', '78630 Lyons Parkway', '31/12/1985');
    insert into Personas (id, nombre, apellido, telefono, direccion, fechaDeNacimiento) values (10000165, 'Veronique', 'Powderham', '3720584549', '9 Riverside Crossing', '08/08/1992');
    insert into Personas (id, nombre, apellido, telefono, direccion, fechaDeNacimiento) values (10000166, 'Kyrstin', 'Antoinet', '3090835038', '32 Lawn Trail', '06/04/1981');
    insert into Personas (id, nombre, apellido, telefono, direccion, fechaDeNacimiento) values (10000167, 'Leopold', 'Tuffield', '3502363505', '6 Anniversary Circle', '19/02/1996');
    insert into Personas (id, nombre, apellido, telefono, direccion, fechaDeNacimiento) values (10000168, 'Cyndia', 'Hoffner', '3440684299', '4 North Avenue', '12/06/1989');
    insert into Personas (id, nombre, apellido, telefono, direccion, fechaDeNacimiento) values (10000169, 'Garv', 'Kiraly', '3381411143', '12543 Comanche Avenue', '30/05/1981');
    insert into Personas (id, nombre, apellido, telefono, direccion, fechaDeNacimiento) values (10000170, 'Tomasine', 'Tiesman', '3166709409', '99684 Lunder Road', '20/04/1987');
    insert into Personas (id, nombre, apellido, telefono, direccion, fechaDeNacimiento) values (10000171, 'Roosevelt', 'Riatt', '3302781428', '8 Westerfield Court', '12/06/1980');
    insert into Personas (id, nombre, apellido, telefono, direccion, fechaDeNacimiento) values (10000172, 'Myrle', 'Hardacre', '3571985514', '393 Glacier Hill Junction', '09/09/2007');
    insert into Personas (id, nombre, apellido, telefono, direccion, fechaDeNacimiento) values (10000173, 'Dacey', 'Kennsley', '3677839626', '894 Almo Alley', '05/08/2002');
    insert into Personas (id, nombre, apellido, telefono, direccion, fechaDeNacimiento) values (10000174, 'Bertine', 'Lacroix', '3389340114', '2 Tennyson Avenue', '03/02/1987');
    insert into Personas (id, nombre, apellido, telefono, direccion, fechaDeNacimiento) values (10000175, 'Husein', 'Thurbon', '3112054132', '0 Lighthouse Bay Lane', '14/11/1990');
    insert into Personas (id, nombre, apellido, telefono, direccion, fechaDeNacimiento) values (10000176, 'Perri', 'Tuffield', '3263514167', '781 Knutson Trail', '22/03/1984');
    insert into Personas (id, nombre, apellido, telefono, direccion, fechaDeNacimiento) values (10000177, 'Kamila', 'Slany', '3605117991', '2637 Waubesa Street', '08/06/1987');
    insert into Personas (id, nombre, apellido, telefono, direccion, fechaDeNacimiento) values (10000178, 'Vania', 'Lux', '3919840715', '5 American Lane', '29/04/1994');
    insert into Personas (id, nombre, apellido, telefono, direccion, fechaDeNacimiento) values (10000179, 'Tori', 'Beere', '3884835144', '3343 Artisan Road', '27/02/1994');
    insert into Personas (id, nombre, apellido, telefono, direccion, fechaDeNacimiento) values (10000180, 'Niels', 'Chilver', '3379436397', '29741 Corscot Terrace', '30/11/2005');
    insert into Personas (id, nombre, apellido, telefono, direccion, fechaDeNacimiento) values (10000181, 'Mariellen', 'Galiford', '3465410888', '4 Ridge Oak Parkway', '23/10/1980');
    insert into Personas (id, nombre, apellido, telefono, direccion, fechaDeNacimiento) values (10000182, 'Myrilla', 'Cadell', '3999777527', '497 Grayhawk Circle', '21/08/2005');
    insert into Personas (id, nombre, apellido, telefono, direccion, fechaDeNacimiento) values (10000183, 'Glenn', 'Amy', '3505049567', '79 Westridge Drive', '06/12/2004');
    insert into Personas (id, nombre, apellido, telefono, direccion, fechaDeNacimiento) values (10000184, 'Stacy', 'Erb', '3417088188', '3 Larry Crossing', '30/06/2006');
    insert into Personas (id, nombre, apellido, telefono, direccion, fechaDeNacimiento) values (10000185, 'Berte', 'Boyes', '3161099948', '4276 Cambridge Junction', '23/07/2000');
    insert into Personas (id, nombre, apellido, telefono, direccion, fechaDeNacimiento) values (10000186, 'Mattias', 'Gavaghan', '3498555171', '51 Warner Terrace', '09/04/2000');
    insert into Personas (id, nombre, apellido, telefono, direccion, fechaDeNacimiento) values (10000187, 'Kathryn', 'Waadenburg', '3563292043', '19 Scott Pass', '08/07/2000');
    insert into Personas (id, nombre, apellido, telefono, direccion, fechaDeNacimiento) values (10000188, 'Trever', 'Rooms', '3045413831', '6432 Grim Pass', '09/06/1999');
    insert into Personas (id, nombre, apellido, telefono, direccion, fechaDeNacimiento) values (10000189, 'Laughton', 'Langford', '3562145292', '4 Lawn Pass', '06/09/1990');
    insert into Personas (id, nombre, apellido, telefono, direccion, fechaDeNacimiento) values (10000190, 'Gunter', 'Parslow', '3056933392', '624 Delladonna Center', '05/04/1987');
    insert into Personas (id, nombre, apellido, telefono, direccion, fechaDeNacimiento) values (10000191, 'Terra', 'Akram', '3643697516', '8327 Farragut Crossing', '20/09/1994');
    insert into Personas (id, nombre, apellido, telefono, direccion, fechaDeNacimiento) values (10000192, 'Estell', 'Grose', '3357721447', '2 Valley Edge Crossing', '04/07/1987');
    insert into Personas (id, nombre, apellido, telefono, direccion, fechaDeNacimiento) values (10000193, 'Amaleta', 'Duberry', '3995111114', '1354 Gale Pass', '02/01/1993');
    insert into Personas (id, nombre, apellido, telefono, direccion, fechaDeNacimiento) values (10000194, 'Bronnie', 'Henniger', '3451185151', '327 Shopko Avenue', '30/01/1984');
    insert into Personas (id, nombre, apellido, telefono, direccion, fechaDeNacimiento) values (10000195, 'Josy', 'Shaxby', '3940025840', '1 Northland Circle', '14/07/1998');
    insert into Personas (id, nombre, apellido, telefono, direccion, fechaDeNacimiento) values (10000196, 'Etienne', 'Lancastle', '3428525740', '52 Porter Parkway', '30/07/2000');
    insert into Personas (id, nombre, apellido, telefono, direccion, fechaDeNacimiento) values (10000197, 'Willetta', 'Christin', '3879634665', '998 Huxley Trail', '26/01/2000');
    insert into Personas (id, nombre, apellido, telefono, direccion, fechaDeNacimiento) values (10000198, 'Frieda', 'Prando', '3822906940', '7348 Iowa Place', '18/06/1992');
    insert into Personas (id, nombre, apellido, telefono, direccion, fechaDeNacimiento) values (10000199, 'Naoma', 'True', '3714495327', '70 Heffernan Plaza', '13/09/2003');

    insert into Empleados (idPersonas, sueldo, puesto, departamento) values (10000002, 4000000, '3', 'Comunicacion');
    insert into Empleados (idPersonas, sueldo, puesto, departamento) values (10000111, 4000000, '3', 'Comercial');
    insert into Empleados (idPersonas, sueldo, puesto, departamento) values (10000141, 4000000, '3', 'Comercial');
    insert into Empleados (idPersonas, sueldo, puesto, departamento) values (10000078, 4000000, '3', 'Marketing');
    insert into Empleados (idPersonas, sueldo, puesto, departamento) values (10000094, 4000000, '3', 'Control de Gestion');
    insert into Empleados (idPersonas, sueldo, puesto, departamento) values (10000018, 2500000, '2', 'Comercial');
    insert into Empleados (idPersonas, sueldo, puesto, departamento) values (10000054, 1500000, '1', 'Comunicacion');
    insert into Empleados (idPersonas, sueldo, puesto, departamento) values (10000157, 2500000, '2', 'Compras');
    insert into Empleados (idPersonas, sueldo, puesto, departamento) values (10000036, 1500000, '1', 'Comercial');
    insert into Empleados (idPersonas, sueldo, puesto, departamento) values (10000070, 2500000, '2', 'Control de Gestion');
    insert into Empleados (idPersonas, sueldo, puesto, departamento) values (10000198, 2500000, '2', 'Financiero');
    insert into Empleados (idPersonas, sueldo, puesto, departamento) values (10000103, 4000000, '3', 'Financiero');
    insert into Empleados (idPersonas, sueldo, puesto, departamento) values (10000092, 4000000, '3', 'Marketing');
    insert into Empleados (idPersonas, sueldo, puesto, departamento) values (10000096, 4000000, '3', 'Comercial');
    insert into Empleados (idPersonas, sueldo, puesto, departamento) values (10000035, 2500000, '2', 'Comunicacion');
    insert into Empleados (idPersonas, sueldo, puesto, departamento) values (10000187, 2500000, '2', 'Financiero');
    insert into Empleados (idPersonas, sueldo, puesto, departamento) values (10000011, 2500000, '2', 'Control de Gestion');
    insert into Empleados (idPersonas, sueldo, puesto, departamento) values (10000163, 2500000, '2', 'Ventas');
    insert into Empleados (idPersonas, sueldo, puesto, departamento) values (10000053, 4000000, '3', 'Logistica');
    insert into Empleados (idPersonas, sueldo, puesto, departamento) values (10000173, 4000000, '3', 'Control de Gestion');
    insert into Empleados (idPersonas, sueldo, puesto, departamento) values (10000191, 2500000, '2', 'Marketing');
    insert into Empleados (idPersonas, sueldo, puesto, departamento) values (10000088, 2500000, '2', 'Financiero');
    insert into Empleados (idPersonas, sueldo, puesto, departamento) values (10000099, 1500000, '1', 'Financiero');
    insert into Empleados (idPersonas, sueldo, puesto, departamento) values (10000123, 1500000, '1', 'Comercial');
    insert into Empleados (idPersonas, sueldo, puesto, departamento) values (10000055, 1500000, '1', 'Recursos Humanos');
    insert into Empleados (idPersonas, sueldo, puesto, departamento) values (10000042, 2500000, '2', 'Ventas');
    insert into Empleados (idPersonas, sueldo, puesto, departamento) values (10000137, 1500000, '1', 'Comercial');
    insert into Empleados (idPersonas, sueldo, puesto, departamento) values (10000197, 4000000, '3', 'Marketing');
    insert into Empleados (idPersonas, sueldo, puesto, departamento) values (10000143, 2500000, '2', 'Comunicacion');
    insert into Empleados (idPersonas, sueldo, puesto, departamento) values (10000081, 1500000, '1', 'Financiero');
    insert into Empleados (idPersonas, sueldo, puesto, departamento) values (10000015, 2500000, '2', 'Logistica');
    insert into Empleados (idPersonas, sueldo, puesto, departamento) values (10000040, 2500000, '2', 'Comercial');
    insert into Empleados (idPersonas, sueldo, puesto, departamento) values (10000153, 4000000, '3', 'Marketing');
    insert into Empleados (idPersonas, sueldo, puesto, departamento) values (10000128, 1500000, '1', 'Comunicacion');
    insert into Empleados (idPersonas, sueldo, puesto, departamento) values (10000080, 4000000, '3', 'Financiero');
    insert into Empleados (idPersonas, sueldo, puesto, departamento) values (10000009, 2500000, '2', 'Ventas');
    insert into Empleados (idPersonas, sueldo, puesto, departamento) values (10000169, 2500000, '2', 'Financiero');
    insert into Empleados (idPersonas, sueldo, puesto, departamento) values (10000171, 2500000, '2', 'Financiero');
    insert into Empleados (idPersonas, sueldo, puesto, departamento) values (10000077, 1500000, '1', 'Comercial');
    insert into Empleados (idPersonas, sueldo, puesto, departamento) values (10000105, 4000000, '3', 'Control de Gestion');
    insert into Empleados (idPersonas, sueldo, puesto, departamento) values (10000000, 4000000, '3', 'Comercial');
    insert into Empleados (idPersonas, sueldo, puesto, departamento) values (10000038, 4000000, '3', 'Recursos Humanos');
    insert into Empleados (idPersonas, sueldo, puesto, departamento) values (10000184, 2500000, '2', 'Comercial');
    insert into Empleados (idPersonas, sueldo, puesto, departamento) values (10000159, 1500000, '1', 'Comunicacion');
    insert into Empleados (idPersonas, sueldo, puesto, departamento) values (10000125, 4000000, '3', 'Comunicacion');
    insert into Empleados (idPersonas, sueldo, puesto, departamento) values (10000062, 4000000, '3', 'Financiero');
    insert into Empleados (idPersonas, sueldo, puesto, departamento) values (10000083, 4000000, '3', 'Comunicacion');
    insert into Empleados (idPersonas, sueldo, puesto, departamento) values (10000087, 2500000, '2', 'Comercial');
    insert into Empleados (idPersonas, sueldo, puesto, departamento) values (10000133, 2500000, '2', 'Compras');
    insert into Empleados (idPersonas, sueldo, puesto, departamento) values (10000024, 4000000, '3', 'Comunicacion');
    insert into Empleados (idPersonas, sueldo, puesto, departamento) values (10000014, 2500000, '2', 'Ventas');
    insert into Empleados (idPersonas, sueldo, puesto, departamento) values (10000003, 4000000, '3', 'Financiero');
    insert into Empleados (idPersonas, sueldo, puesto, departamento) values (10000164, 4000000, '3', 'Compras');
    insert into Empleados (idPersonas, sueldo, puesto, departamento) values (10000150, 1500000, '1', 'Comercial');
    insert into Empleados (idPersonas, sueldo, puesto, departamento) values (10000167, 4000000, '3', 'Recursos Humanos');
    insert into Empleados (idPersonas, sueldo, puesto, departamento) values (10000181, 1500000, '1', 'Logistica');
    insert into Empleados (idPersonas, sueldo, puesto, departamento) values (10000107, 2500000, '2', 'Recursos Humanos');
    insert into Empleados (idPersonas, sueldo, puesto, departamento) values (10000102, 4000000, '3', 'Compras');
    insert into Empleados (idPersonas, sueldo, puesto, departamento) values (10000091, 4000000, '3', 'Logistica');
    insert into Empleados (idPersonas, sueldo, puesto, departamento) values (10000098, 4000000, '3', 'Control de Gestion');
    insert into Empleados (idPersonas, sueldo, puesto, departamento) values (10000132, 1500000, '1', 'Financiero');
    insert into Empleados (idPersonas, sueldo, puesto, departamento) values (10000121, 4000000, '3', 'Control de Gestion');
    insert into Empleados (idPersonas, sueldo, puesto, departamento) values (10000177, 2500000, '2', 'Marketing');
    insert into Empleados (idPersonas, sueldo, puesto, departamento) values (10000112, 1500000, '1', 'Recursos Humanos');
    insert into Empleados (idPersonas, sueldo, puesto, departamento) values (10000126, 2500000, '2', 'Comercial');
    insert into Empleados (idPersonas, sueldo, puesto, departamento) values (10000118, 4000000, '3', 'Ventas');
    insert into Empleados (idPersonas, sueldo, puesto, departamento) values (10000160, 4000000, '3', 'Comercial');
    insert into Empleados (idPersonas, sueldo, puesto, departamento) values (10000020, 4000000, '3', 'Comunicacion');
    insert into Empleados (idPersonas, sueldo, puesto, departamento) values (10000012, 4000000, '3', 'Compras');
    insert into Empleados (idPersonas, sueldo, puesto, departamento) values (10000037, 4000000, '3', 'Recursos Humanos');
    insert into Empleados (idPersonas, sueldo, puesto, departamento) values (10000130, 4000000, '3', 'Recursos Humanos');
    insert into Empleados (idPersonas, sueldo, puesto, departamento) values (10000158, 4000000, '3', 'Logistica');
    insert into Empleados (idPersonas, sueldo, puesto, departamento) values (10000052, 2500000, '2', 'Recursos Humanos');
    insert into Empleados (idPersonas, sueldo, puesto, departamento) values (10000034, 4000000, '3', 'Compras');
    insert into Empleados (idPersonas, sueldo, puesto, departamento) values (10000138, 4000000, '3', 'Comunicacion');
    insert into Empleados (idPersonas, sueldo, puesto, departamento) values (10000172, 4000000, '3', 'Marketing');
    insert into Empleados (idPersonas, sueldo, puesto, departamento) values (10000134, 1500000, '1', 'Ventas');
    insert into Empleados (idPersonas, sueldo, puesto, departamento) values (10000168, 1500000, '1', 'Ventas');
    insert into Empleados (idPersonas, sueldo, puesto, departamento) values (10000151, 4000000, '3', 'Control de Gestion');
    insert into Empleados (idPersonas, sueldo, puesto, departamento) values (10000149, 1500000, '1', 'Comercial');
    insert into Empleados (idPersonas, sueldo, puesto, departamento) values (10000071, 2500000, '2', 'Control de Gestion');
    insert into Empleados (idPersonas, sueldo, puesto, departamento) values (10000017, 1500000, '1', 'Compras');
    insert into Empleados (idPersonas, sueldo, puesto, departamento) values (10000056, 4000000, '3', 'Compras');
    insert into Empleados (idPersonas, sueldo, puesto, departamento) values (10000051, 4000000, '3', 'Recursos Humanos');
    insert into Empleados (idPersonas, sueldo, puesto, departamento) values (10000043, 1500000, '1', 'Recursos Humanos');
    insert into Empleados (idPersonas, sueldo, puesto, departamento) values (10000093, 2500000, '2', 'Ventas');
    insert into Empleados (idPersonas, sueldo, puesto, departamento) values (10000044, 4000000, '3', 'Recursos Humanos');
    insert into Empleados (idPersonas, sueldo, puesto, departamento) values (10000026, 4000000, '3', 'Marketing');
    insert into Empleados (idPersonas, sueldo, puesto, departamento) values (10000109, 4000000, '3', 'Marketing');
    insert into Empleados (idPersonas, sueldo, puesto, departamento) values (10000156, 4000000, '3', 'Ventas');
    insert into Empleados (idPersonas, sueldo, puesto, departamento) values (10000001, 4000000, '3', 'Ventas');
    insert into Empleados (idPersonas, sueldo, puesto, departamento) values (10000140, 4000000, '3', 'Financiero');
    insert into Empleados (idPersonas, sueldo, puesto, departamento) values (10000152, 1500000, '1', 'Comunicacion');
    insert into Empleados (idPersonas, sueldo, puesto, departamento) values (10000113, 2500000, '2', 'Comunicacion');
    insert into Empleados (idPersonas, sueldo, puesto, departamento) values (10000189, 4000000, '3', 'Logistica');
    insert into Empleados (idPersonas, sueldo, puesto, departamento) values (10000176, 4000000, '3', 'Marketing');
    insert into Empleados (idPersonas, sueldo, puesto, departamento) values (10000005, 4000000, '3', 'Recursos Humanos');
    insert into Empleados (idPersonas, sueldo, puesto, departamento) values (10000165, 4000000, '3', 'Comunicacion');
    insert into Empleados (idPersonas, sueldo, puesto, departamento) values (10000127, 4000000, '3', 'Compras');
    insert into Empleados (idPersonas, sueldo, puesto, departamento) values (10000065, 4000000, '3', 'Marketing');

    insert into Clientes (idPersonas, puntosDeFidelidad) values (10000066, '575');
    insert into Clientes (idPersonas, puntosDeFidelidad) values (10000028, '417');
    insert into Clientes (idPersonas, puntosDeFidelidad) values (10000176, '494');
    insert into Clientes (idPersonas, puntosDeFidelidad) values (10000099, '432');
    insert into Clientes (idPersonas, puntosDeFidelidad) values (10000080, '815');
    insert into Clientes (idPersonas, puntosDeFidelidad) values (10000024, '055');
    insert into Clientes (idPersonas, puntosDeFidelidad) values (10000071, '404');
    insert into Clientes (idPersonas, puntosDeFidelidad) values (10000196, '378');
    insert into Clientes (idPersonas, puntosDeFidelidad) values (10000186, '598');
    insert into Clientes (idPersonas, puntosDeFidelidad) values (10000107, '216');
    insert into Clientes (idPersonas, puntosDeFidelidad) values (10000121, '064');
    insert into Clientes (idPersonas, puntosDeFidelidad) values (10000062, '887');
    insert into Clientes (idPersonas, puntosDeFidelidad) values (10000007, '648');
    insert into Clientes (idPersonas, puntosDeFidelidad) values (10000145, '326');
    insert into Clientes (idPersonas, puntosDeFidelidad) values (10000102, '391');
    insert into Clientes (idPersonas, puntosDeFidelidad) values (10000141, '555');
    insert into Clientes (idPersonas, puntosDeFidelidad) values (10000116, '184');
    insert into Clientes (idPersonas, puntosDeFidelidad) values (10000012, '474');
    insert into Clientes (idPersonas, puntosDeFidelidad) values (10000035, '247');
    insert into Clientes (idPersonas, puntosDeFidelidad) values (10000135, '471');
    insert into Clientes (idPersonas, puntosDeFidelidad) values (10000100, '584');
    insert into Clientes (idPersonas, puntosDeFidelidad) values (10000036, '498');
    insert into Clientes (idPersonas, puntosDeFidelidad) values (10000025, '188');
    insert into Clientes (idPersonas, puntosDeFidelidad) values (10000182, '312');
    insert into Clientes (idPersonas, puntosDeFidelidad) values (10000027, '634');
    insert into Clientes (idPersonas, puntosDeFidelidad) values (10000131, '897');
    insert into Clientes (idPersonas, puntosDeFidelidad) values (10000158, '531');
    insert into Clientes (idPersonas, puntosDeFidelidad) values (10000199, '933');
    insert into Clientes (idPersonas, puntosDeFidelidad) values (10000085, '576');
    insert into Clientes (idPersonas, puntosDeFidelidad) values (10000188, '855');
    insert into Clientes (idPersonas, puntosDeFidelidad) values (10000037, '479');
    insert into Clientes (idPersonas, puntosDeFidelidad) values (10000139, '013');
    insert into Clientes (idPersonas, puntosDeFidelidad) values (10000029, '251');
    insert into Clientes (idPersonas, puntosDeFidelidad) values (10000059, '306');
    insert into Clientes (idPersonas, puntosDeFidelidad) values (10000098, '038');
    insert into Clientes (idPersonas, puntosDeFidelidad) values (10000146, '834');
    insert into Clientes (idPersonas, puntosDeFidelidad) values (10000137, '218');
    insert into Clientes (idPersonas, puntosDeFidelidad) values (10000056, '227');
    insert into Clientes (idPersonas, puntosDeFidelidad) values (10000054, '165');
    insert into Clientes (idPersonas, puntosDeFidelidad) values (10000149, '801');
    insert into Clientes (idPersonas, puntosDeFidelidad) values (10000061, '254');
    insert into Clientes (idPersonas, puntosDeFidelidad) values (10000105, '753');
    insert into Clientes (idPersonas, puntosDeFidelidad) values (10000044, '176');
    insert into Clientes (idPersonas, puntosDeFidelidad) values (10000005, '272');
    insert into Clientes (idPersonas, puntosDeFidelidad) values (10000074, '576');
    insert into Clientes (idPersonas, puntosDeFidelidad) values (10000073, '722');
    insert into Clientes (idPersonas, puntosDeFidelidad) values (10000120, '490');
    insert into Clientes (idPersonas, puntosDeFidelidad) values (10000068, '343');
    insert into Clientes (idPersonas, puntosDeFidelidad) values (10000187, '958');
    insert into Clientes (idPersonas, puntosDeFidelidad) values (10000166, '479');
    insert into Clientes (idPersonas, puntosDeFidelidad) values (10000180, '266');
    insert into Clientes (idPersonas, puntosDeFidelidad) values (10000129, '022');
    insert into Clientes (idPersonas, puntosDeFidelidad) values (10000077, '152');
    insert into Clientes (idPersonas, puntosDeFidelidad) values (10000103, '128');
    insert into Clientes (idPersonas, puntosDeFidelidad) values (10000014, '838');
    insert into Clientes (idPersonas, puntosDeFidelidad) values (10000095, '030');
    insert into Clientes (idPersonas, puntosDeFidelidad) values (10000148, '255');
    insert into Clientes (idPersonas, puntosDeFidelidad) values (10000156, '519');
    insert into Clientes (idPersonas, puntosDeFidelidad) values (10000072, '830');
    insert into Clientes (idPersonas, puntosDeFidelidad) values (10000063, '896');
    insert into Clientes (idPersonas, puntosDeFidelidad) values (10000046, '430');
    insert into Clientes (idPersonas, puntosDeFidelidad) values (10000055, '180');
    insert into Clientes (idPersonas, puntosDeFidelidad) values (10000109, '386');
    insert into Clientes (idPersonas, puntosDeFidelidad) values (10000161, '735');
    insert into Clientes (idPersonas, puntosDeFidelidad) values (10000117, '638');
    insert into Clientes (idPersonas, puntosDeFidelidad) values (10000002, '077');
    insert into Clientes (idPersonas, puntosDeFidelidad) values (10000157, '295');
    insert into Clientes (idPersonas, puntosDeFidelidad) values (10000001, '102');
    insert into Clientes (idPersonas, puntosDeFidelidad) values (10000076, '246');
    insert into Clientes (idPersonas, puntosDeFidelidad) values (10000088, '492');
    insert into Clientes (idPersonas, puntosDeFidelidad) values (10000017, '477');
    insert into Clientes (idPersonas, puntosDeFidelidad) values (10000022, '901');
    insert into Clientes (idPersonas, puntosDeFidelidad) values (10000058, '670');
    insert into Clientes (idPersonas, puntosDeFidelidad) values (10000060, '016');
    insert into Clientes (idPersonas, puntosDeFidelidad) values (10000185, '311');
    insert into Clientes (idPersonas, puntosDeFidelidad) values (10000067, '833');
    insert into Clientes (idPersonas, puntosDeFidelidad) values (10000184, '864');
    insert into Clientes (idPersonas, puntosDeFidelidad) values (10000189, '989');
    insert into Clientes (idPersonas, puntosDeFidelidad) values (10000112, '736');
    insert into Clientes (idPersonas, puntosDeFidelidad) values (10000181, '456');
    insert into Clientes (idPersonas, puntosDeFidelidad) values (10000147, '011');
    insert into Clientes (idPersonas, puntosDeFidelidad) values (10000124, '590');
    insert into Clientes (idPersonas, puntosDeFidelidad) values (10000160, '306');
    insert into Clientes (idPersonas, puntosDeFidelidad) values (10000123, '124');
    insert into Clientes (idPersonas, puntosDeFidelidad) values (10000183, '349');
    insert into Clientes (idPersonas, puntosDeFidelidad) values (10000009, '993');
    insert into Clientes (idPersonas, puntosDeFidelidad) values (10000030, '321');
    insert into Clientes (idPersonas, puntosDeFidelidad) values (10000190, '345');
    insert into Clientes (idPersonas, puntosDeFidelidad) values (10000016, '476');
    insert into Clientes (idPersonas, puntosDeFidelidad) values (10000018, '129');
    insert into Clientes (idPersonas, puntosDeFidelidad) values (10000113, '207');
    insert into Clientes (idPersonas, puntosDeFidelidad) values (10000119, '050');
    insert into Clientes (idPersonas, puntosDeFidelidad) values (10000031, '902');
    insert into Clientes (idPersonas, puntosDeFidelidad) values (10000049, '499');
    insert into Clientes (idPersonas, puntosDeFidelidad) values (10000042, '101');
    insert into Clientes (idPersonas, puntosDeFidelidad) values (10000043, '446');
    insert into Clientes (idPersonas, puntosDeFidelidad) values (10000195, '368');
    insert into Clientes (idPersonas, puntosDeFidelidad) values (10000104, '892');
    insert into Clientes (idPersonas, puntosDeFidelidad) values (10000021, '798');
    insert into Clientes (idPersonas, puntosDeFidelidad) values (10000193, '798');

    insert into Compras (id, idEmpleados, fecha, estado) values ('C1000', '10000105', '29/02/2020', 'C');
    insert into Compras (id, idEmpleados, fecha, estado) values ('C1001', '10000128', '09/03/2019', 'C');
    insert into Compras (id, idEmpleados, fecha, estado) values ('C1002', '10000141', '02/05/2018', 'C');
    insert into Compras (id, idEmpleados, fecha, estado) values ('C1003', '10000137', '21/09/2018', 'C');
    insert into Compras (id, idEmpleados, fecha, estado) values ('C1004', '10000037', '24/10/2020', 'C');
    insert into Compras (id, idEmpleados, fecha, estado) values ('C1005', '10000156', '28/11/2020', 'P');
    insert into Compras (id, idEmpleados, fecha, estado) values ('C1006', '10000128', '26/01/2023', 'P');
    insert into Compras (id, idEmpleados, fecha, estado) values ('C1007', '10000011', '17/09/2023', 'C');
    insert into Compras (id, idEmpleados, fecha, estado) values ('C1008', '10000150', '29/03/2023', 'C');
    insert into Compras (id, idEmpleados, fecha, estado) values ('C1009', '10000052', '12/06/2023', 'C');
    insert into Compras (id, idEmpleados, fecha, estado) values ('C1010', '10000107', '23/06/2020', 'P');
    insert into Compras (id, idEmpleados, fecha, estado) values ('C1011', '10000134', '25/08/2020', 'P');
    insert into Compras (id, idEmpleados, fecha, estado) values ('C1012', '10000156', '29/12/2020', 'C');
    insert into Compras (id, idEmpleados, fecha, estado) values ('C1013', '10000088', '14/09/2019', 'C');
    insert into Compras (id, idEmpleados, fecha, estado) values ('C1014', '10000160', '12/10/2019', 'C');
    insert into Compras (id, idEmpleados, fecha, estado) values ('C1015', '10000009', '07/07/2023', 'P');
    insert into Compras (id, idEmpleados, fecha, estado) values ('C1016', '10000040', '06/02/2020', 'P');
    insert into Compras (id, idEmpleados, fecha, estado) values ('C1017', '10000137', '26/03/2023', 'P');
    insert into Compras (id, idEmpleados, fecha, estado) values ('C1018', '10000168', '10/03/2021', 'P');
    insert into Compras (id, idEmpleados, fecha, estado) values ('C1019', '10000152', '30/11/2020', 'C');
    insert into Compras (id, idEmpleados, fecha, estado) values ('C1020', '10000176', '16/10/2021', 'P');
    insert into Compras (id, idEmpleados, fecha, estado) values ('C1021', '10000034', '12/05/2019', 'C');
    insert into Compras (id, idEmpleados, fecha, estado) values ('C1022', '10000160', '29/10/2019', 'P');
    insert into Compras (id, idEmpleados, fecha, estado) values ('C1023', '10000037', '20/04/2018', 'P');
    insert into Compras (id, idEmpleados, fecha, estado) values ('C1024', '10000118', '08/09/2019', 'P');
    insert into Compras (id, idEmpleados, fecha, estado) values ('C1025', '10000040', '26/03/2021', 'C');
    insert into Compras (id, idEmpleados, fecha, estado) values ('C1026', '10000137', '27/04/2020', 'P');
    insert into Compras (id, idEmpleados, fecha, estado) values ('C1027', '10000121', '10/01/2023', 'C');
    insert into Compras (id, idEmpleados, fecha, estado) values ('C1028', '10000044', '19/12/2018', 'C');
    insert into Compras (id, idEmpleados, fecha, estado) values ('C1029', '10000137', '07/05/2019', 'C');
    insert into Compras (id, idEmpleados, fecha, estado) values ('C1030', '10000035', '17/10/2021', 'P');
    insert into Compras (id, idEmpleados, fecha, estado) values ('C1031', '10000099', '18/10/2020', 'P');
    insert into Compras (id, idEmpleados, fecha, estado) values ('C1032', '10000149', '03/08/2020', 'P');
    insert into Compras (id, idEmpleados, fecha, estado) values ('C1033', '10000020', '27/02/2019', 'C');
    insert into Compras (id, idEmpleados, fecha, estado) values ('C1034', '10000137', '28/09/2018', 'P');
    insert into Compras (id, idEmpleados, fecha, estado) values ('C1035', '10000051', '27/04/2020', 'P');
    insert into Compras (id, idEmpleados, fecha, estado) values ('C1036', '10000056', '17/10/2021', 'P');
    insert into Compras (id, idEmpleados, fecha, estado) values ('C1037', '10000137', '23/07/2019', 'P');
    insert into Compras (id, idEmpleados, fecha, estado) values ('C1038', '10000159', '01/03/2020', 'P');
    insert into Compras (id, idEmpleados, fecha, estado) values ('C1039', '10000137', '18/11/2023', 'C');
    insert into Compras (id, idEmpleados, fecha, estado) values ('C1040', '10000026', '16/10/2023', 'C');
    insert into Compras (id, idEmpleados, fecha, estado) values ('C1041', '10000080', '04/06/2021', 'C');
    insert into Compras (id, idEmpleados, fecha, estado) values ('C1042', '10000149', '14/01/2023', 'P');
    insert into Compras (id, idEmpleados, fecha, estado) values ('C1043', '10000121', '28/04/2023', 'C');
    insert into Compras (id, idEmpleados, fecha, estado) values ('C1044', '10000137', '11/11/2023', 'P');
    insert into Compras (id, idEmpleados, fecha, estado) values ('C1045', '10000054', '11/08/2018', 'P');
    insert into Compras (id, idEmpleados, fecha, estado) values ('C1046', '10000165', '17/02/2020', 'C');
    insert into Compras (id, idEmpleados, fecha, estado) values ('C1047', '10000102', '30/08/2020', 'P');
    insert into Compras (id, idEmpleados, fecha, estado) values ('C1048', '10000012', '15/09/2021', 'P');
    insert into Compras (id, idEmpleados, fecha, estado) values ('C1049', '10000137', '13/10/2019', 'P');
    insert into Compras (id, idEmpleados, fecha, estado) values ('C1050', '10000137', '14/04/2020', 'P');
    insert into Compras (id, idEmpleados, fecha, estado) values ('C1051', '10000177', '02/01/2019', 'P');
    insert into Compras (id, idEmpleados, fecha, estado) values ('C1052', '10000141', '02/01/2020', 'P');
    insert into Compras (id, idEmpleados, fecha, estado) values ('C1053', '10000078', '25/11/2020', 'P');
    insert into Compras (id, idEmpleados, fecha, estado) values ('C1054', '10000156', '24/10/2019', 'P');
    insert into Compras (id, idEmpleados, fecha, estado) values ('C1055', '10000137', '10/05/2020', 'P');
    insert into Compras (id, idEmpleados, fecha, estado) values ('C1056', '10000130', '10/01/2021', 'P');
    insert into Compras (id, idEmpleados, fecha, estado) values ('C1057', '10000070', '21/10/2019', 'C');
    insert into Compras (id, idEmpleados, fecha, estado) values ('C1058', '10000051', '09/09/2021', 'P');
    insert into Compras (id, idEmpleados, fecha, estado) values ('C1059', '10000043', '06/01/2020', 'P');
    insert into Compras (id, idEmpleados, fecha, estado) values ('C1060', '10000024', '15/11/2019', 'P');
    insert into Compras (id, idEmpleados, fecha, estado) values ('C1061', '10000160', '25/06/2019', 'C');
    insert into Compras (id, idEmpleados, fecha, estado) values ('C1062', '10000130', '04/08/2018', 'C');
    insert into Compras (id, idEmpleados, fecha, estado) values ('C1063', '10000137', '11/07/2019', 'C');
    insert into Compras (id, idEmpleados, fecha, estado) values ('C1064', '10000137', '21/11/2023', 'C');
    insert into Compras (id, idEmpleados, fecha, estado) values ('C1065', '10000138', '28/05/2021', 'C');
    insert into Compras (id, idEmpleados, fecha, estado) values ('C1066', '10000024', '01/10/2023', 'P');
    insert into Compras (id, idEmpleados, fecha, estado) values ('C1067', '10000109', '06/05/2021', 'P');
    insert into Compras (id, idEmpleados, fecha, estado) values ('C1068', '10000054', '25/10/2021', 'C');
    insert into Compras (id, idEmpleados, fecha, estado) values ('C1069', '10000168', '16/08/2019', 'C');
    insert into Compras (id, idEmpleados, fecha, estado) values ('C1070', '10000015', '06/04/2020', 'P');
    insert into Compras (id, idEmpleados, fecha, estado) values ('C1071', '10000054', '26/11/2019', 'P');
    insert into Compras (id, idEmpleados, fecha, estado) values ('C1072', '10000173', '29/04/2020', 'C');
    insert into Compras (id, idEmpleados, fecha, estado) values ('C1073', '10000137', '24/10/2021', 'P');
    insert into Compras (id, idEmpleados, fecha, estado) values ('C1074', '10000087', '31/08/2023', 'C');
    insert into Compras (id, idEmpleados, fecha, estado) values ('C1075', '10000081', '14/01/2020', 'C');
    insert into Compras (id, idEmpleados, fecha, estado) values ('C1076', '10000157', '06/10/2023', 'C');
    insert into Compras (id, idEmpleados, fecha, estado) values ('C1077', '10000167', '17/05/2018', 'C');
    insert into Compras (id, idEmpleados, fecha, estado) values ('C1078', '10000173', '11/02/2023', 'C');
    insert into Compras (id, idEmpleados, fecha, estado) values ('C1079', '10000137', '11/05/2020', 'C');
    insert into Compras (id, idEmpleados, fecha, estado) values ('C1080', '10000092', '08/03/2019', 'C');
    insert into Compras (id, idEmpleados, fecha, estado) values ('C1081', '10000091', '14/05/2020', 'P');
    insert into Compras (id, idEmpleados, fecha, estado) values ('C1082', '10000044', '10/02/2020', 'C');
    insert into Compras (id, idEmpleados, fecha, estado) values ('C1083', '10000137', '04/09/2020', 'C');
    insert into Compras (id, idEmpleados, fecha, estado) values ('C1084', '10000150', '07/04/2019', 'C');
    insert into Compras (id, idEmpleados, fecha, estado) values ('C1085', '10000077', '13/03/2023', 'P');
    insert into Compras (id, idEmpleados, fecha, estado) values ('C1086', '10000165', '18/03/2021', 'C');
    insert into Compras (id, idEmpleados, fecha, estado) values ('C1087', '10000137', '24/08/2023', 'C');
    insert into Compras (id, idEmpleados, fecha, estado) values ('C1088', '10000150', '20/01/2021', 'C');
    insert into Compras (id, idEmpleados, fecha, estado) values ('C1089', '10000137', '12/04/2023', 'P');
    insert into Compras (id, idEmpleados, fecha, estado) values ('C1090', '10000133', '17/01/2019', 'C');
    insert into Compras (id, idEmpleados, fecha, estado) values ('C1091', '10000191', '01/09/2019', 'C');
    insert into Compras (id, idEmpleados, fecha, estado) values ('C1092', '10000105', '06/11/2018', 'P');
    insert into Compras (id, idEmpleados, fecha, estado) values ('C1093', '10000181', '15/12/2021', 'C');
    insert into Compras (id, idEmpleados, fecha, estado) values ('C1094', '10000137', '04/05/2021', 'C');
    insert into Compras (id, idEmpleados, fecha, estado) values ('C1095', '10000149', '10/06/2020', 'C');
    insert into Compras (id, idEmpleados, fecha, estado) values ('C1096', '10000105', '24/09/2019', 'C');
    insert into Compras (id, idEmpleados, fecha, estado) values ('C1097', '10000137', '18/06/2018', 'C');
    insert into Compras (id, idEmpleados, fecha, estado) values ('C1098', '10000053', '14/10/2021', 'P');
    insert into Compras (id, idEmpleados, fecha, estado) values ('C1099', '10000053', '30/09/2019', 'C');

    insert into DetallesCompras (id, idCompra, detalle, cantidad, deuda) values ('C1000', 'C1089', '70Xo7s2232PY64XAQ4a2', 10078, 0);
    insert into DetallesCompras (id, idCompra, detalle, cantidad, deuda) values ('C1001', 'C1098', 'ma95579E3509TYU102y0', 36755, 988268337);
    insert into DetallesCompras (id, idCompra, detalle, cantidad, deuda) values ('C1002', 'C1040', 'ZgoGm421u28Km0H1k5zV', 13316, 362130265);
    insert into DetallesCompras (id, idCompra, detalle, cantidad, deuda) values ('C1003', 'C1078', '3B79O72z35Y47P7d5u07', 59642, 320845431);
    insert into DetallesCompras (id, idCompra, detalle, cantidad, deuda) values ('C1004', 'C1043', 'T8Wl86SB1xJi274p62N5', 21876, 947781843);
    insert into DetallesCompras (id, idCompra, detalle, cantidad, deuda) values ('C1005', 'C1028', 'sj26in6i74M238E4GoOQ', 20371, 198217932);
    insert into DetallesCompras (id, idCompra, detalle, cantidad, deuda) values ('C1006', 'C1087', '694Fm0kGBH38Y9K5IUo1', 90074, 663066729);
    insert into DetallesCompras (id, idCompra, detalle, cantidad, deuda) values ('C1007', 'C1077', 'mkDP04gT3wf209013N58', 47646, 195290250);
    insert into DetallesCompras (id, idCompra, detalle, cantidad, deuda) values ('C1008', 'C1050', '98489X2449nOKL0rAvVa', 39496, 422377108);
    insert into DetallesCompras (id, idCompra, detalle, cantidad, deuda) values ('C1009', 'C1025', 'b60o9It0DB6lXL7kT43J', 78899, 979631796);
    insert into DetallesCompras (id, idCompra, detalle, cantidad, deuda) values ('C1010', 'C1044', 'ureo8dV631YblKmoT9HY', 36393, 288511173);
    insert into DetallesCompras (id, idCompra, detalle, cantidad, deuda) values ('C1011', 'C1047', '5rQm28V30I8B8i11214g', 44150, 30066725);
    insert into DetallesCompras (id, idCompra, detalle, cantidad, deuda) values ('C1012', 'C1070', 'P89efAo19LtQjNIJm06b', 79434, 319101130);
    insert into DetallesCompras (id, idCompra, detalle, cantidad, deuda) values ('C1013', 'C1072', 'Lr86D25mf71D3l25Tdy1', 37387, 427080504);
    insert into DetallesCompras (id, idCompra, detalle, cantidad, deuda) values ('C1014', 'C1028', '0304jDTQc6C0a3NtP41K', 92575, 918939435);
    insert into DetallesCompras (id, idCompra, detalle, cantidad, deuda) values ('C1015', 'C1078', 'Woj5a0n46au5sfi6CEHV', 62059, 216815921);
    insert into DetallesCompras (id, idCompra, detalle, cantidad, deuda) values ('C1016', 'C1085', '4m2QKysf307799yY42Ru', 11585, 298401564);
    insert into DetallesCompras (id, idCompra, detalle, cantidad, deuda) values ('C1017', 'C1096', '8zL591q60q30b19Y93B9', 31028, 819078838);
    insert into DetallesCompras (id, idCompra, detalle, cantidad, deuda) values ('C1018', 'C1072', '8XK01P3k58m9278Q3N50', 2463, 630587852);
    insert into DetallesCompras (id, idCompra, detalle, cantidad, deuda) values ('C1019', 'C1053', 'EFzx1D3wE8N0IW297V68', 79876, 669879138);
    insert into DetallesCompras (id, idCompra, detalle, cantidad, deuda) values ('C1020', 'C1099', '4891ob0f4Bzp89nCep96', 68025, 555242421);
    insert into DetallesCompras (id, idCompra, detalle, cantidad, deuda) values ('C1021', 'C1088', 'n1GMM5SP98kY53Ym5G2G', 85418, 146775644);
    insert into DetallesCompras (id, idCompra, detalle, cantidad, deuda) values ('C1022', 'C1045', '7ec4n71PSW05AoJv919S', 78766, 565486034);
    insert into DetallesCompras (id, idCompra, detalle, cantidad, deuda) values ('C1023', 'C1079', '22txoz953r052h0b6Q59', 61088, 92089739);
    insert into DetallesCompras (id, idCompra, detalle, cantidad, deuda) values ('C1024', 'C1057', '1qdZiy779Xe07zUQ1211', 44946, 53858395);
    insert into DetallesCompras (id, idCompra, detalle, cantidad, deuda) values ('C1025', 'C1058', 'V6b1ZTtH3Q10l13s7Z9m', 75782, 434474461);
    insert into DetallesCompras (id, idCompra, detalle, cantidad, deuda) values ('C1026', 'C1094', '1l6Jq445552L7Dq8TKN9', 61765, 404109963);
    insert into DetallesCompras (id, idCompra, detalle, cantidad, deuda) values ('C1027', 'C1053', 'c16BTypWUWg9QV8Rfzr7', 87949, 182986264);
    insert into DetallesCompras (id, idCompra, detalle, cantidad, deuda) values ('C1028', 'C1009', 'rJKojn9Jvs0ZjM5J38x6', 98605, 329636983);
    insert into DetallesCompras (id, idCompra, detalle, cantidad, deuda) values ('C1029', 'C1071', 'T00fsj1QeAkm9kvpv443', 21390, 937887823);
    insert into DetallesCompras (id, idCompra, detalle, cantidad, deuda) values ('C1030', 'C1001', 'x2IS113U80aB9vJ87381', 51639, 479376105);
    insert into DetallesCompras (id, idCompra, detalle, cantidad, deuda) values ('C1031', 'C1033', 'i39s016M54hI47b6T4V4', 30968, 801409697);
    insert into DetallesCompras (id, idCompra, detalle, cantidad, deuda) values ('C1032', 'C1061', 'MLM7u35v1977yER57345', 5844, 165126814);
    insert into DetallesCompras (id, idCompra, detalle, cantidad, deuda) values ('C1033', 'C1038', 'cS843K19433pKG7n30K3', 53314, 679399971);
    insert into DetallesCompras (id, idCompra, detalle, cantidad, deuda) values ('C1034', 'C1004', 'z0L63i633N14Gip69O5j', 67965, 834620022);
    insert into DetallesCompras (id, idCompra, detalle, cantidad, deuda) values ('C1035', 'C1062', 't38HO9177B30G073PfFR', 23882, 454493423);
    insert into DetallesCompras (id, idCompra, detalle, cantidad, deuda) values ('C1036', 'C1017', '8RFbP98m7qD2r9995NVb', 36909, 787724272);
    insert into DetallesCompras (id, idCompra, detalle, cantidad, deuda) values ('C1037', 'C1086', '2F5HoXtqCF42R1Ri9t06', 2446, 490983900);
    insert into DetallesCompras (id, idCompra, detalle, cantidad, deuda) values ('C1038', 'C1048', 'Ta47apt7XQP21hm4u6DK', 2893, 54404625);
    insert into DetallesCompras (id, idCompra, detalle, cantidad, deuda) values ('C1039', 'C1028', '1f835H3459vsw6916090', 623, 556376385);
    insert into DetallesCompras (id, idCompra, detalle, cantidad, deuda) values ('C1040', 'C1095', 'u578F1J36k6z2k8c3jYB', 47341, 664807384);
    insert into DetallesCompras (id, idCompra, detalle, cantidad, deuda) values ('C1041', 'C1065', '1y9zAe6G673TU8HN7El4', 19383, 427314827);
    insert into DetallesCompras (id, idCompra, detalle, cantidad, deuda) values ('C1042', 'C1005', 'QKGoB766X86G8AEWaE0U', 73268, 759952543);
    insert into DetallesCompras (id, idCompra, detalle, cantidad, deuda) values ('C1043', 'C1098', 'nw16372SFbjQdD072205', 72725, 291414219);
    insert into DetallesCompras (id, idCompra, detalle, cantidad, deuda) values ('C1044', 'C1042', '286Pnf86br3n2J5I4RWI', 56453, 155831038);
    insert into DetallesCompras (id, idCompra, detalle, cantidad, deuda) values ('C1045', 'C1040', '220655o5pt6yRJX50n3m', 34594, 302104118);
    insert into DetallesCompras (id, idCompra, detalle, cantidad, deuda) values ('C1046', 'C1000', '0zSY4L55086B04bd5J6K', 84797, 654889749);
    insert into DetallesCompras (id, idCompra, detalle, cantidad, deuda) values ('C1047', 'C1052', '7p3nI777Y4V9f6V612oA', 96606, 232988185);
    insert into DetallesCompras (id, idCompra, detalle, cantidad, deuda) values ('C1048', 'C1040', '5EgDPCI13P9Y4Bm0Bfn0', 43942, 879719500);
    insert into DetallesCompras (id, idCompra, detalle, cantidad, deuda) values ('C1049', 'C1088', 'xg1wlxu3434E65Lal1vx', 9430, 203422693);
    insert into DetallesCompras (id, idCompra, detalle, cantidad, deuda) values ('C1050', 'C1052', '0tQ8Z7009MJ1HP3p06Qc', 44661, 981643866);
    insert into DetallesCompras (id, idCompra, detalle, cantidad, deuda) values ('C1051', 'C1047', 'j4m867FVTo0o21BAn60O', 64466, 92164321);
    insert into DetallesCompras (id, idCompra, detalle, cantidad, deuda) values ('C1052', 'C1049', '866C6FL9V5R3K4r7H9G6', 30786, 465088150);
    insert into DetallesCompras (id, idCompra, detalle, cantidad, deuda) values ('C1053', 'C1072', 'W62f40S9S53067mt3362', 32360, 292182122);
    insert into DetallesCompras (id, idCompra, detalle, cantidad, deuda) values ('C1054', 'C1046', 'o66NgRZ16080R3u45g6x', 3753, 72084895);
    insert into DetallesCompras (id, idCompra, detalle, cantidad, deuda) values ('C1055', 'C1095', '2258E5pij275zw1MjvK6', 77180, 198651981);
    insert into DetallesCompras (id, idCompra, detalle, cantidad, deuda) values ('C1056', 'C1056', '20Nphb6A82OqDHu0d7cX', 30870, 446124997);
    insert into DetallesCompras (id, idCompra, detalle, cantidad, deuda) values ('C1057', 'C1019', 'CweX4x338M5tB161963c', 48558, 208329284);
    insert into DetallesCompras (id, idCompra, detalle, cantidad, deuda) values ('C1058', 'C1071', 'RwQIU1S7f2H0jcZ5p2J9', 83272, 615031235);
    insert into DetallesCompras (id, idCompra, detalle, cantidad, deuda) values ('C1059', 'C1099', '926339L9c99M24UR4W68', 27621, 608089538);
    insert into DetallesCompras (id, idCompra, detalle, cantidad, deuda) values ('C1060', 'C1059', 'w2Z4w2fQ60Bf7y123zj5', 73765, 366378009);
    insert into DetallesCompras (id, idCompra, detalle, cantidad, deuda) values ('C1061', 'C1039', '47xx4yY6iEN161A2317c', 30364, 703086797);
    insert into DetallesCompras (id, idCompra, detalle, cantidad, deuda) values ('C1062', 'C1002', '06b8I2dE2T7e83991dL9', 40421, 938551891);
    insert into DetallesCompras (id, idCompra, detalle, cantidad, deuda) values ('C1063', 'C1003', 'OSg4ed6z9Bh968m7laN5', 58346, 161620215);
    insert into DetallesCompras (id, idCompra, detalle, cantidad, deuda) values ('C1064', 'C1013', '61lm1415Z9053T4UXohS', 73769, 118290756);
    insert into DetallesCompras (id, idCompra, detalle, cantidad, deuda) values ('C1065', 'C1053', 'L521wg06EQZ6RonIG0M2', 48951, 142698412);
    insert into DetallesCompras (id, idCompra, detalle, cantidad, deuda) values ('C1066', 'C1079', 'caEH13595IX5R0305ou1', 49824, 868246819);
    insert into DetallesCompras (id, idCompra, detalle, cantidad, deuda) values ('C1067', 'C1020', 'dTP86OM9W94f171Rp84s', 79817, 326052606);
    insert into DetallesCompras (id, idCompra, detalle, cantidad, deuda) values ('C1068', 'C1047', 'A6w8Z74OZ2ZB7x2Hw3Z3', 60349, 403843417);
    insert into DetallesCompras (id, idCompra, detalle, cantidad, deuda) values ('C1069', 'C1030', 'J5K18uY39O1Y5531wr3c', 29160, 773814274);
    insert into DetallesCompras (id, idCompra, detalle, cantidad, deuda) values ('C1070', 'C1090', '4n0fMd7157N79574d9b8', 9488, 441786962);
    insert into DetallesCompras (id, idCompra, detalle, cantidad, deuda) values ('C1071', 'C1026', 'HG4Yv4D77x21j0650I8F', 28196, 673835566);
    insert into DetallesCompras (id, idCompra, detalle, cantidad, deuda) values ('C1072', 'C1081', 'go73G29195p7aC7Mc8W9', 48276, 282403795);
    insert into DetallesCompras (id, idCompra, detalle, cantidad, deuda) values ('C1073', 'C1077', 'EsI128rH0Z40c3f1214W', 20369, 573659238);
    insert into DetallesCompras (id, idCompra, detalle, cantidad, deuda) values ('C1074', 'C1077', 'GL1E069X36zOY101B7N3', 74099, 579957803);
    insert into DetallesCompras (id, idCompra, detalle, cantidad, deuda) values ('C1075', 'C1080', '7Eb92w2L5H7Vh0BiQE5n', 26345, 914072810);
    insert into DetallesCompras (id, idCompra, detalle, cantidad, deuda) values ('C1076', 'C1019', 'Y3R4FF37Vfi3307gfOCQ', 86127, 781008971);
    insert into DetallesCompras (id, idCompra, detalle, cantidad, deuda) values ('C1077', 'C1063', 'Ho53eA3SdwGtC5VwQ0qJ', 23163, 292104282);
    insert into DetallesCompras (id, idCompra, detalle, cantidad, deuda) values ('C1078', 'C1027', '19N3ILxMTKejqvCmMyM6', 31394, 712292475);
    insert into DetallesCompras (id, idCompra, detalle, cantidad, deuda) values ('C1079', 'C1038', 'K01q8502AfS4tG03r19D', 36620, 841871492);
    insert into DetallesCompras (id, idCompra, detalle, cantidad, deuda) values ('C1080', 'C1089', '70vc6p4YmZ0CaD3Gp4B0', 9121, 0);
    insert into DetallesCompras (id, idCompra, detalle, cantidad, deuda) values ('C1081', 'C1070', '01AOT92gC8eP8k6z52iq', 51826, 956044207);
    insert into DetallesCompras (id, idCompra, detalle, cantidad, deuda) values ('C1082', 'C1038', 'T373QC7D3w086xy0GcTH', 5964, 869451105);
    insert into DetallesCompras (id, idCompra, detalle, cantidad, deuda) values ('C1083', 'C1051', 'j26OW6o2N88A5JZc673d', 76561, 127230963);
    insert into DetallesCompras (id, idCompra, detalle, cantidad, deuda) values ('C1084', 'C1059', 'm1M51m768i50X62c2U1K', 89960, 849584464);
    insert into DetallesCompras (id, idCompra, detalle, cantidad, deuda) values ('C1085', 'C1065', 'R3G1L8V04935t5309g8q', 86536, 454522779);
    insert into DetallesCompras (id, idCompra, detalle, cantidad, deuda) values ('C1086', 'C1054', 'uS6BA7mc6KhUJr3O66cr', 32152, 530588858);
    insert into DetallesCompras (id, idCompra, detalle, cantidad, deuda) values ('C1087', 'C1077', 'vG06E8T352128NI198dl', 6310, 805711171);
    insert into DetallesCompras (id, idCompra, detalle, cantidad, deuda) values ('C1088', 'C1032', '469xq3L2368243A8L7Kv', 83207, 445670082);
    insert into DetallesCompras (id, idCompra, detalle, cantidad, deuda) values ('C1089', 'C1030', '5X2RE46822l03T372ZpV', 92543, 67344696);
    insert into DetallesCompras (id, idCompra, detalle, cantidad, deuda) values ('C1090', 'C1088', 's341Pl1q57X9CkT65Z44', 33377, 683579465);
    insert into DetallesCompras (id, idCompra, detalle, cantidad, deuda) values ('C1091', 'C1024', '4M97zkQ7FgI0340Q6m51', 61342, 460961313);
    insert into DetallesCompras (id, idCompra, detalle, cantidad, deuda) values ('C1092', 'C1032', 'O1g51brF66f35Dw1J7K9', 79851, 19482582);
    insert into DetallesCompras (id, idCompra, detalle, cantidad, deuda) values ('C1093', 'C1055', '6agKyaF846U9N4787v1b', 58097, 190594424);
    insert into DetallesCompras (id, idCompra, detalle, cantidad, deuda) values ('C1094', 'C1077', '6OB68835Hlv771s010Dy', 71509, 256000509);
    insert into DetallesCompras (id, idCompra, detalle, cantidad, deuda) values ('C1095', 'C1050', 'Z4Bc25fN74q24Wz04uH8', 53470, 157334402);
    insert into DetallesCompras (id, idCompra, detalle, cantidad, deuda) values ('C1096', 'C1084', 'SJ62JxV6X3s0206264e4', 90768, 144672561);
    insert into DetallesCompras (id, idCompra, detalle, cantidad, deuda) values ('C1097', 'C1082', 'aC7Ba95pY4U0Zx95R1LR', 41074, 764298122);
    insert into DetallesCompras (id, idCompra, detalle, cantidad, deuda) values ('C1098', 'C1046', 'N958Piv45U05QID66O54', 56320, 213156584);
    insert into DetallesCompras (id, idCompra, detalle, cantidad, deuda) values ('C1099', 'C1056', '1dG3S36e8Z98e5U95G5g', 19120, 15127398);

    insert into Proveedores (id, nombre, direccion, correo) values ('P1000', 'Acosta Sales', '7 Rigney Hill', 'bkleinbaum0@geocities.com');
    insert into Proveedores (id, nombre, direccion, correo) values ('P1001', 'Advantage Solutions', '62577 Dryden Lane', null);
    insert into Proveedores (id, nombre, direccion, correo) values ('P1002', 'Advantage Solutions- Sales', '6 Bunker Hill Circle', 'dlighten2@wp.com');
    insert into Proveedores (id, nombre, direccion, correo) values ('P1003', 'Advantage Solutions- Services', '34 Reinke Place', 'eshilstone3@nhs.uk');
    insert into Proveedores (id, nombre, direccion, correo) values ('P1004', 'AFS Technologies', '703 Mayer Point', 'cbiggen4@economist.com');
    insert into Proveedores (id, nombre, direccion, correo) values ('P1005', 'Allegiance Retail Services', '5627 Brickson Park Junction', null);
    insert into Proveedores (id, nombre, direccion, correo) values ('P1006', 'Altierre', '14 Westridge Point', null);
    insert into Proveedores (id, nombre, direccion, correo) values ('P1007', 'APEX Analytix', '8 Wayridge Drive', null);
    insert into Proveedores (id, nombre, direccion, correo) values ('P1008', 'Ascential', '7292 Towne Trail', 'sperett8@purevolume.com');
    insert into Proveedores (id, nombre, direccion, correo) values ('P1009', 'Associated Food Stores', '9278 Lindbergh Plaza', null);
    insert into Proveedores (id, nombre, direccion, correo) values ('P1010', 'Bedrock Logistics', '90691 Gulseth Parkway', 'gjanaceka@kickstarter.com');
    insert into Proveedores (id, nombre, direccion, correo) values ('P1011', 'Bell-Carter Foods', '499 Hallows Parkway', 'singoldb@livejournal.com');
    insert into Proveedores (id, nombre, direccion, correo) values ('P1012', 'Bemis', '707 Bartillon Alley', 'glamarc@washingtonpost.com');
    insert into Proveedores (id, nombre, direccion, correo) values ('P1013', 'Big Y', '9349 Forster Avenue', 'tmartinettod@4shared.com');
    insert into Proveedores (id, nombre, direccion, correo) values ('P1014', 'Blue Apron', '5580 Dapin Street', 'yolenanee@vk.com');
    insert into Proveedores (id, nombre, direccion, correo) values ('P1015', 'Blue Horseshoe Solutions', '5 Merrick Hill', 'ghoverf@nyu.edu');
    insert into Proveedores (id, nombre, direccion, correo) values ('P1016', 'BNSF Logistics', '25527 Main Road', 'nhebditchg@home.pl');
    insert into Proveedores (id, nombre, direccion, correo) values ('P1017', 'CYS Wholesale Grocers', '67434 Morrow Point', null);
    insert into Proveedores (id, nombre, direccion, correo) values ('P1018', 'Capgemini', '8604 Washington Hill', null);
    insert into Proveedores (id, nombre, direccion, correo) values ('P1019', 'Catalina', '27 South Parkway', 'psemkinsj@wikispaces.com');
    insert into Proveedores (id, nombre, direccion, correo) values ('P1020', 'Celerant Technology', '1 Pennsylvania Plaza', null);
    insert into Proveedores (id, nombre, direccion, correo) values ('P1021', 'Certco', '4935 Transport Way', 'hrainardl@smugmug.com');
    insert into Proveedores (id, nombre, direccion, correo) values ('P1022', 'Coca-Cola Bottling Co. Consolidated', '953 Lakewood Alley', null);
    insert into Proveedores (id, nombre, direccion, correo) values ('P1023', 'Commonwealth-Altadis', '28294 Moulton Way', null);
    insert into Proveedores (id, nombre, direccion, correo) values ('P1024', 'CROSSMARK', '60 Pennsylvania Street', 'gsambrooko@slideshare.net');
    insert into Proveedores (id, nombre, direccion, correo) values ('P1025', 'Daymon', '98052 Mcbride Pass', null);
    insert into Proveedores (id, nombre, direccion, correo) values ('P1026', 'Del Monte Foods', '36 Beilfuss Road', 'zgillbeq@sphinn.com');
    insert into Proveedores (id, nombre, direccion, correo) values ('P1027', 'Deloitte', '324 Crownhardt Pass', null);
    insert into Proveedores (id, nombre, direccion, correo) values ('P1028', 'Driveline Retail', '62551 Dexter Plaza', 'estrowans@sun.com');
    insert into Proveedores (id, nombre, direccion, correo) values ('P1029', 'E. Y J. Gallo Winery', '47564 Summer Ridge Avenue', 'mbellocht@imdb.com');
    insert into Proveedores (id, nombre, direccion, correo) values ('P1030', 'Ecolab', '9 Prentice Lane', 'rrichardeauu@taobao.com');
    insert into Proveedores (id, nombre, direccion, correo) values ('P1031', 'Edict Systems', '3 Kinsman Drive', 'mmcmanamenv@oracle.com');
    insert into Proveedores (id, nombre, direccion, correo) values ('P1032', 'Empire Today', '00244 Anhalt Plaza', null);
    insert into Proveedores (id, nombre, direccion, correo) values ('P1033', 'ESM Ferolie', '9655 Mccormick Drive', 'hwithringtenx@bigcartel.com');
    insert into Proveedores (id, nombre, direccion, correo) values ('P1034', 'Experian', '121 Tennyson Pass', 'abedelly@exblog.jp');
    insert into Proveedores (id, nombre, direccion, correo) values ('P1035', 'Federated Group', '7768 Blaine Junction', 'kclappisonz@cdc.gov');
    insert into Proveedores (id, nombre, direccion, correo) values ('P1036', 'Flintfox International', '92 Karstens Avenue', 'ccorradino10@moonfruit.com');
    insert into Proveedores (id, nombre, direccion, correo) values ('P1037', 'FMI Corporation', '67234 West Parkway', null);
    insert into Proveedores (id, nombre, direccion, correo) values ('P1038', 'Food Lion', '89 Prentice Court', 'gclare12@technorati.com');
    insert into Proveedores (id, nombre, direccion, correo) values ('P1039', 'Food Services of America', '1 Summit Junction', null);
    insert into Proveedores (id, nombre, direccion, correo) values ('P1040', 'Frank Brunckhorst Co.', '87 8th Center', null);
    insert into Proveedores (id, nombre, direccion, correo) values ('P1041', 'LLC', '729 Debs Lane', 'acheevers15@pcworld.com');
    insert into Proveedores (id, nombre, direccion, correo) values ('P1042', 'General Mills', '588 Golf Course Pass', null);
    insert into Proveedores (id, nombre, direccion, correo) values ('P1043', 'Georgia-Pacific', '6 Harper Circle', null);
    insert into Proveedores (id, nombre, direccion, correo) values ('P1044', 'Global Data Sciences', '3 Portage Place', null);
    insert into Proveedores (id, nombre, direccion, correo) values ('P1045', 'GMA', '89747 Luster Center', 'debbetts19@goodreads.com');
    insert into Proveedores (id, nombre, direccion, correo) values ('P1046', 'Golden State Foods', '25892 Meadow Ridge Parkway', 'wdusey1a@123-reg.co.uk');
    insert into Proveedores (id, nombre, direccion, correo) values ('P1047', 'Green Mountain Technology', '78 Di Loreto Court', 'psamples1b@homestead.com');
    insert into Proveedores (id, nombre, direccion, correo) values ('P1048', 'H.T. Hackney', '230 Vidon Avenue', null);
    insert into Proveedores (id, nombre, direccion, correo) values ('P1049', 'Hallmark', '33849 Northfield Lane', null);
    insert into Proveedores (id, nombre, direccion, correo) values ('P1050', 'HEB Grocery Company', '12376 Logan Terrace', 'mgunthorpe1e@ebay.com');
    insert into Proveedores (id, nombre, direccion, correo) values ('P1051', 'Hormel Foods', '41605 Arizona Avenue', 'cgodney1f@1688.com');
    insert into Proveedores (id, nombre, direccion, correo) values ('P1052', 'IDDBA', '2518 Thackeray Crossing', null);
    insert into Proveedores (id, nombre, direccion, correo) values ('P1053', 'Inmar', '754 Dixon Parkway', 'cofficer1h@github.com');
    insert into Proveedores (id, nombre, direccion, correo) values ('P1054', 'Insight Sourcing Group', '0893 Packers Point', 'jschindler1i@redcross.org');
    insert into Proveedores (id, nombre, direccion, correo) values ('P1055', 'IRI', '9 Sunnyside Hill', null);
    insert into Proveedores (id, nombre, direccion, correo) values ('P1056', 'JDA Software Group', '1826 Merrick Avenue', 'stordoff1k@tiny.cc');
    insert into Proveedores (id, nombre, direccion, correo) values ('P1057', 'Johnsonville Sausage', '2 Welch Pass', null);
    insert into Proveedores (id, nombre, direccion, correo) values ('P1058', 'KeHE Distributors', '8752 Russell Road', null);
    insert into Proveedores (id, nombre, direccion, correo) values ('P1059', 'KPMG', '8167 Birchwood Point', 'augoni1n@nbcnews.com');
    insert into Proveedores (id, nombre, direccion, correo) values ('P1060', 'Kraft Heinz Company', '96 Fairview Avenue', 'gstudart1o@naver.com');
    insert into Proveedores (id, nombre, direccion, correo) values ('P1061', 'LYR Distributors', '5 Erie Trail', null);
    insert into Proveedores (id, nombre, direccion, correo) values ('P1062', 'Loblaw Companies', '20453 Menomonie Lane', null);
    insert into Proveedores (id, nombre, direccion, correo) values ('P1063', 'LTD', '99113 Ilene Crossing', null);
    insert into Proveedores (id, nombre, direccion, correo) values ('P1064', 'LumenData', '88877 Hintze Road', null);
    insert into Proveedores (id, nombre, direccion, correo) values ('P1065', 'Mable', '2 2nd Place', 'mmebius1t@zdnet.com');
    insert into Proveedores (id, nombre, direccion, correo) values ('P1066', 'McLane Company', '543 Vera Drive', null);
    insert into Proveedores (id, nombre, direccion, correo) values ('P1067', 'Meijer', '26 Homewood Street', 'dkaspar1v@aboutads.info');
    insert into Proveedores (id, nombre, direccion, correo) values ('P1068', 'Menasha Packaging', '118 Oxford Court', null);
    insert into Proveedores (id, nombre, direccion, correo) values ('P1069', 'Metcash', '09 Declaration Hill', 'rhaley1x@cbc.ca');
    insert into Proveedores (id, nombre, direccion, correo) values ('P1070', 'Mondelz International', '36802 Crescent Oaks Parkway', null);
    insert into Proveedores (id, nombre, direccion, correo) values ('P1071', 'NCR Corporation', '60 Grasskamp Plaza', 'nbryde1z@geocities.com');
    insert into Proveedores (id, nombre, direccion, correo) values ('P1072', 'Nestl Purina PetCare', '8382 Thierer Lane', null);
    insert into Proveedores (id, nombre, direccion, correo) values ('P1073', 'Nielsen', '48 Dawn Court', 'hconyard21@about.me');
    insert into Proveedores (id, nombre, direccion, correo) values ('P1074', 'Noblis', '46392 Melrose Court', null);
    insert into Proveedores (id, nombre, direccion, correo) values ('P1075', 'Northrop Grumman', '639 Lighthouse Bay Pass', 'relles23@fotki.com');
    insert into Proveedores (id, nombre, direccion, correo) values ('P1076', 'Orca Pacific', '54 Merry Parkway', 'jfosdick24@craigslist.org');
    insert into Proveedores (id, nombre, direccion, correo) values ('P1077', 'Owens Y Minor', '1 Randy Court', 'wyglesia25@joomla.org');
    insert into Proveedores (id, nombre, direccion, correo) values ('P1078', 'Pacific Cheese', '380 Wayridge Place', null);
    insert into Proveedores (id, nombre, direccion, correo) values ('P1079', 'PepsiCo', '29 Goodland Junction', null);
    insert into Proveedores (id, nombre, direccion, correo) values ('P1080', 'Procter Y Gamble', '348 Karstens Park', 'apedri28@ihg.com');
    insert into Proveedores (id, nombre, direccion, correo) values ('P1081', 'Publix Super Markets', '0949 Hintze Hill', 'kdavies29@google.co.jp');
    insert into Proveedores (id, nombre, direccion, correo) values ('P1082', 'Randa Accessories', '07 Moose Trail', 'sspadotto2a@bizjournals.com');
    insert into Proveedores (id, nombre, direccion, correo) values ('P1083', 'Red Bull North America', '9 Hoard Parkway', null);
    insert into Proveedores (id, nombre, direccion, correo) values ('P1084', 'Reinhart Foodservice', '5697 Magdeline Avenue', null);
    insert into Proveedores (id, nombre, direccion, correo) values ('P1085', 'Retail Solutions Inc.', '0 Basil Parkway', null);
    insert into Proveedores (id, nombre, direccion, correo) values ('P1086', 'RetailData', '9897 Mccormick Court', null);
    insert into Proveedores (id, nombre, direccion, correo) values ('P1087', 'Reynolds Consumer Products', '12508 Lindbergh Point', 'lgetty2f@feedburner.com');
    insert into Proveedores (id, nombre, direccion, correo) values ('P1088', 'Rich Products Corporation', '21 Dryden Place', 'jgniewosz2g@sciencedaily.com');
    insert into Proveedores (id, nombre, direccion, correo) values ('P1089', 'RJ Reynolds', '3134 Delaware Trail', null);
    insert into Proveedores (id, nombre, direccion, correo) values ('P1090', 'SanMar Corporation', '39 Northland Drive', null);
    insert into Proveedores (id, nombre, direccion, correo) values ('P1091', 'Sargento Foods', '369 Welch Pass', 'mjocic2j@wikimedia.org');
    insert into Proveedores (id, nombre, direccion, correo) values ('P1092', 'SAS Retail Services', '0299 Barnett Avenue', null);
    insert into Proveedores (id, nombre, direccion, correo) values ('P1093', 'Schwan', '6 Moose Crossing', null);
    insert into Proveedores (id, nombre, direccion, correo) values ('P1094', 'Smart Y Final Stores', '0532 4th Point', null);
    insert into Proveedores (id, nombre, direccion, correo) values ('P1095', 'Smithfield Foods', '07706 Steensland Plaza', 'jciubutaro2n@walmart.com');
    insert into Proveedores (id, nombre, direccion, correo) values ('P1096', 'Snyder', '5 Graceland Avenue', 'mridolfo2o@blogspot.com');
    insert into Proveedores (id, nombre, direccion, correo) values ('P1097', 'SpartanNash', '2 Fairview Place', null);
    insert into Proveedores (id, nombre, direccion, correo) values ('P1098', 'Starbucks', '68 Dunning Crossing', null);
    insert into Proveedores (id, nombre, direccion, correo) values ('P1099', 'Supervalu', '74 Eastwood Center', null);

    insert into TelefonosP (numero, idProveedores) values ('3179537729', 'P1093');
    insert into TelefonosP (numero, idProveedores) values ('3767760568', 'P1069');
    insert into TelefonosP (numero, idProveedores) values ('3285435896', 'P1096');
    insert into TelefonosP (numero, idProveedores) values ('3623559995', 'P1096');
    insert into TelefonosP (numero, idProveedores) values ('3518391661', 'P1084');
    insert into TelefonosP (numero, idProveedores) values ('3377941737', 'P1055');
    insert into TelefonosP (numero, idProveedores) values ('3380460376', 'P1051');
    insert into TelefonosP (numero, idProveedores) values ('3620020709', 'P1043');
    insert into TelefonosP (numero, idProveedores) values ('3440961636', 'P1003');
    insert into TelefonosP (numero, idProveedores) values ('3654398234', 'P1043');
    insert into TelefonosP (numero, idProveedores) values ('3788235956', 'P1065');
    insert into TelefonosP (numero, idProveedores) values ('3164606320', 'P1032');
    insert into TelefonosP (numero, idProveedores) values ('3124940127', 'P1047');
    insert into TelefonosP (numero, idProveedores) values ('3063443831', 'P1012');
    insert into TelefonosP (numero, idProveedores) values ('3540870694', 'P1002');
    insert into TelefonosP (numero, idProveedores) values ('3052428579', 'P1072');
    insert into TelefonosP (numero, idProveedores) values ('3933190670', 'P1030');
    insert into TelefonosP (numero, idProveedores) values ('3676748862', 'P1083');
    insert into TelefonosP (numero, idProveedores) values ('3738683627', 'P1018');
    insert into TelefonosP (numero, idProveedores) values ('3477149732', 'P1028');
    insert into TelefonosP (numero, idProveedores) values ('3927587684', 'P1000');
    insert into TelefonosP (numero, idProveedores) values ('3895249724', 'P1092');
    insert into TelefonosP (numero, idProveedores) values ('3195501394', 'P1066');
    insert into TelefonosP (numero, idProveedores) values ('3893996492', 'P1089');
    insert into TelefonosP (numero, idProveedores) values ('3163046335', 'P1025');
    insert into TelefonosP (numero, idProveedores) values ('3498417618', 'P1017');
    insert into TelefonosP (numero, idProveedores) values ('3267090689', 'P1043');
    insert into TelefonosP (numero, idProveedores) values ('3283217800', 'P1045');
    insert into TelefonosP (numero, idProveedores) values ('3493946036', 'P1089');
    insert into TelefonosP (numero, idProveedores) values ('3449371732', 'P1051');
    insert into TelefonosP (numero, idProveedores) values ('3785001853', 'P1037');
    insert into TelefonosP (numero, idProveedores) values ('3584530159', 'P1028');
    insert into TelefonosP (numero, idProveedores) values ('3615171105', 'P1004');
    insert into TelefonosP (numero, idProveedores) values ('3617163941', 'P1065');
    insert into TelefonosP (numero, idProveedores) values ('3377337853', 'P1094');
    insert into TelefonosP (numero, idProveedores) values ('3734483737', 'P1008');
    insert into TelefonosP (numero, idProveedores) values ('3182272548', 'P1047');
    insert into TelefonosP (numero, idProveedores) values ('3786145488', 'P1086');
    insert into TelefonosP (numero, idProveedores) values ('3043612211', 'P1061');
    insert into TelefonosP (numero, idProveedores) values ('3703815139', 'P1010');
    insert into TelefonosP (numero, idProveedores) values ('3663851888', 'P1010');
    insert into TelefonosP (numero, idProveedores) values ('3466619042', 'P1031');
    insert into TelefonosP (numero, idProveedores) values ('3629188443', 'P1006');
    insert into TelefonosP (numero, idProveedores) values ('3545854891', 'P1052');
    insert into TelefonosP (numero, idProveedores) values ('3696606051', 'P1036');
    insert into TelefonosP (numero, idProveedores) values ('3040775553', 'P1088');
    insert into TelefonosP (numero, idProveedores) values ('3023186671', 'P1070');
    insert into TelefonosP (numero, idProveedores) values ('3698378363', 'P1000');
    insert into TelefonosP (numero, idProveedores) values ('3613404259', 'P1015');
    insert into TelefonosP (numero, idProveedores) values ('3392785364', 'P1093');
    insert into TelefonosP (numero, idProveedores) values ('3888447232', 'P1085');
    insert into TelefonosP (numero, idProveedores) values ('3475834750', 'P1073');
    insert into TelefonosP (numero, idProveedores) values ('3963987349', 'P1034');
    insert into TelefonosP (numero, idProveedores) values ('3288737066', 'P1006');
    insert into TelefonosP (numero, idProveedores) values ('3082958516', 'P1054');
    insert into TelefonosP (numero, idProveedores) values ('3733991654', 'P1031');
    insert into TelefonosP (numero, idProveedores) values ('3204775716', 'P1080');
    insert into TelefonosP (numero, idProveedores) values ('3351916240', 'P1080');
    insert into TelefonosP (numero, idProveedores) values ('3037727710', 'P1034');
    insert into TelefonosP (numero, idProveedores) values ('3382619097', 'P1048');
    insert into TelefonosP (numero, idProveedores) values ('3873881400', 'P1003');
    insert into TelefonosP (numero, idProveedores) values ('3273793066', 'P1010');
    insert into TelefonosP (numero, idProveedores) values ('3608028635', 'P1069');
    insert into TelefonosP (numero, idProveedores) values ('3757579019', 'P1011');
    insert into TelefonosP (numero, idProveedores) values ('3844412090', 'P1076');
    insert into TelefonosP (numero, idProveedores) values ('3636994584', 'P1038');
    insert into TelefonosP (numero, idProveedores) values ('3773989715', 'P1063');
    insert into TelefonosP (numero, idProveedores) values ('3482036751', 'P1020');
    insert into TelefonosP (numero, idProveedores) values ('3586192749', 'P1080');
    insert into TelefonosP (numero, idProveedores) values ('3755321032', 'P1021');
    insert into TelefonosP (numero, idProveedores) values ('3283328622', 'P1017');
    insert into TelefonosP (numero, idProveedores) values ('3647071972', 'P1066');
    insert into TelefonosP (numero, idProveedores) values ('3295288520', 'P1096');
    insert into TelefonosP (numero, idProveedores) values ('3005462121', 'P1007');
    insert into TelefonosP (numero, idProveedores) values ('3105499957', 'P1047');
    insert into TelefonosP (numero, idProveedores) values ('3341717140', 'P1005');
    insert into TelefonosP (numero, idProveedores) values ('3434621601', 'P1012');
    insert into TelefonosP (numero, idProveedores) values ('3584577361', 'P1040');
    insert into TelefonosP (numero, idProveedores) values ('3523274489', 'P1001');
    insert into TelefonosP (numero, idProveedores) values ('3596706952', 'P1010');
    insert into TelefonosP (numero, idProveedores) values ('3732805719', 'P1090');
    insert into TelefonosP (numero, idProveedores) values ('3638398948', 'P1068');
    insert into TelefonosP (numero, idProveedores) values ('3954615549', 'P1079');
    insert into TelefonosP (numero, idProveedores) values ('3556390019', 'P1033');
    insert into TelefonosP (numero, idProveedores) values ('3413784125', 'P1011');
    insert into TelefonosP (numero, idProveedores) values ('3789438561', 'P1082');
    insert into TelefonosP (numero, idProveedores) values ('3712663838', 'P1037');
    insert into TelefonosP (numero, idProveedores) values ('3820328931', 'P1021');
    insert into TelefonosP (numero, idProveedores) values ('3839425150', 'P1038');
    insert into TelefonosP (numero, idProveedores) values ('3937563450', 'P1073');
    insert into TelefonosP (numero, idProveedores) values ('3059119521', 'P1091');
    insert into TelefonosP (numero, idProveedores) values ('3330384068', 'P1096');
    insert into TelefonosP (numero, idProveedores) values ('3279645732', 'P1031');
    insert into TelefonosP (numero, idProveedores) values ('3875984299', 'P1081');
    insert into TelefonosP (numero, idProveedores) values ('3972447997', 'P1017');
    insert into TelefonosP (numero, idProveedores) values ('3916962597', 'P1031');
    insert into TelefonosP (numero, idProveedores) values ('3893422972', 'P1056');
    insert into TelefonosP (numero, idProveedores) values ('3385097943', 'P1075');
    insert into TelefonosP (numero, idProveedores) values ('3706086203', 'P1056');
    insert into TelefonosP (numero, idProveedores) values ('3661467203', 'P1010');

    insert into ComprasProveedores (idCompra, idProveedor, precio) values ('C1089', 'P1068', 275463840);
    insert into ComprasProveedores (idCompra, idProveedor, precio) values ('C1098', 'P1062', 367946762);
    insert into ComprasProveedores (idCompra, idProveedor, precio) values ('C1040', 'P1092', 806750058);
    insert into ComprasProveedores (idCompra, idProveedor, precio) values ('C1078', 'P1023', 943284593);
    insert into ComprasProveedores (idCompra, idProveedor, precio) values ('C1043', 'P1070', 128958554);
    insert into ComprasProveedores (idCompra, idProveedor, precio) values ('C1028', 'P1045', 997748989);
    insert into ComprasProveedores (idCompra, idProveedor, precio) values ('C1087', 'P1067', 138271787);
    insert into ComprasProveedores (idCompra, idProveedor, precio) values ('C1077', 'P1013', 678240150);
    insert into ComprasProveedores (idCompra, idProveedor, precio) values ('C1050', 'P1015', 150614254);
    insert into ComprasProveedores (idCompra, idProveedor, precio) values ('C1025', 'P1096', 388571139);
    insert into ComprasProveedores (idCompra, idProveedor, precio) values ('C1044', 'P1014', 75621898);
    insert into ComprasProveedores (idCompra, idProveedor, precio) values ('C1047', 'P1069', 873725008);
    insert into ComprasProveedores (idCompra, idProveedor, precio) values ('C1070', 'P1095', 411106035);
    insert into ComprasProveedores (idCompra, idProveedor, precio) values ('C1072', 'P1023', 130544592);
    insert into ComprasProveedores (idCompra, idProveedor, precio) values ('C1028', 'P1046', 457659490);
    insert into ComprasProveedores (idCompra, idProveedor, precio) values ('C1078', 'P1026', 512277003);
    insert into ComprasProveedores (idCompra, idProveedor, precio) values ('C1085', 'P1040', 805107885);
    insert into ComprasProveedores (idCompra, idProveedor, precio) values ('C1096', 'P1029', 716477154);
    insert into ComprasProveedores (idCompra, idProveedor, precio) values ('C1072', 'P1061', 689806316);
    insert into ComprasProveedores (idCompra, idProveedor, precio) values ('C1053', 'P1094', 68902243);
    insert into ComprasProveedores (idCompra, idProveedor, precio) values ('C1099', 'P1053', 404574938);
    insert into ComprasProveedores (idCompra, idProveedor, precio) values ('C1088', 'P1022', 64627167);
    insert into ComprasProveedores (idCompra, idProveedor, precio) values ('C1045', 'P1000', 552283407);
    insert into ComprasProveedores (idCompra, idProveedor, precio) values ('C1079', 'P1014', 337177647);
    insert into ComprasProveedores (idCompra, idProveedor, precio) values ('C1057', 'P1034', 880503585);
    insert into ComprasProveedores (idCompra, idProveedor, precio) values ('C1058', 'P1073', 952041658);
    insert into ComprasProveedores (idCompra, idProveedor, precio) values ('C1094', 'P1005', 314959188);
    insert into ComprasProveedores (idCompra, idProveedor, precio) values ('C1053', 'P1022', 866859161);
    insert into ComprasProveedores (idCompra, idProveedor, precio) values ('C1009', 'P1022', 136511090);
    insert into ComprasProveedores (idCompra, idProveedor, precio) values ('C1071', 'P1071', 973600982);
    insert into ComprasProveedores (idCompra, idProveedor, precio) values ('C1001', 'P1091', 361120156);
    insert into ComprasProveedores (idCompra, idProveedor, precio) values ('C1033', 'P1015', 614417478);
    insert into ComprasProveedores (idCompra, idProveedor, precio) values ('C1061', 'P1084', 337780349);
    insert into ComprasProveedores (idCompra, idProveedor, precio) values ('C1038', 'P1001', 955101566);
    insert into ComprasProveedores (idCompra, idProveedor, precio) values ('C1004', 'P1055', 780728230);
    insert into ComprasProveedores (idCompra, idProveedor, precio) values ('C1062', 'P1032', 519473450);
    insert into ComprasProveedores (idCompra, idProveedor, precio) values ('C1017', 'P1026', 215180131);
    insert into ComprasProveedores (idCompra, idProveedor, precio) values ('C1086', 'P1002', 871590652);
    insert into ComprasProveedores (idCompra, idProveedor, precio) values ('C1048', 'P1009', 525523752);
    insert into ComprasProveedores (idCompra, idProveedor, precio) values ('C1028', 'P1020', 582323693);
    insert into ComprasProveedores (idCompra, idProveedor, precio) values ('C1095', 'P1048', 598138307);
    insert into ComprasProveedores (idCompra, idProveedor, precio) values ('C1065', 'P1037', 142035414);
    insert into ComprasProveedores (idCompra, idProveedor, precio) values ('C1005', 'P1073', 566994486);
    insert into ComprasProveedores (idCompra, idProveedor, precio) values ('C1098', 'P1009', 301472982);
    insert into ComprasProveedores (idCompra, idProveedor, precio) values ('C1042', 'P1008', 721716158);
    insert into ComprasProveedores (idCompra, idProveedor, precio) values ('C1040', 'P1086', 509138145);
    insert into ComprasProveedores (idCompra, idProveedor, precio) values ('C1000', 'P1018', 865728717);
    insert into ComprasProveedores (idCompra, idProveedor, precio) values ('C1052', 'P1090', 590943608);
    insert into ComprasProveedores (idCompra, idProveedor, precio) values ('C1040', 'P1051', 949214475);
    insert into ComprasProveedores (idCompra, idProveedor, precio) values ('C1088', 'P1087', 338347603);
    insert into ComprasProveedores (idCompra, idProveedor, precio) values ('C1052', 'P1028', 309087299);
    insert into ComprasProveedores (idCompra, idProveedor, precio) values ('C1047', 'P1016', 104322167);
    insert into ComprasProveedores (idCompra, idProveedor, precio) values ('C1049', 'P1092', 584506173);
    insert into ComprasProveedores (idCompra, idProveedor, precio) values ('C1072', 'P1099', 513948621);
    insert into ComprasProveedores (idCompra, idProveedor, precio) values ('C1046', 'P1088', 498692114);
    insert into ComprasProveedores (idCompra, idProveedor, precio) values ('C1095', 'P1006', 84474457);
    insert into ComprasProveedores (idCompra, idProveedor, precio) values ('C1056', 'P1009', 698182832);
    insert into ComprasProveedores (idCompra, idProveedor, precio) values ('C1019', 'P1041', 390214213);
    insert into ComprasProveedores (idCompra, idProveedor, precio) values ('C1071', 'P1096', 247106055);
    insert into ComprasProveedores (idCompra, idProveedor, precio) values ('C1099', 'P1010', 642164897);
    insert into ComprasProveedores (idCompra, idProveedor, precio) values ('C1059', 'P1021', 891464045);
    insert into ComprasProveedores (idCompra, idProveedor, precio) values ('C1039', 'P1082', 94689442);
    insert into ComprasProveedores (idCompra, idProveedor, precio) values ('C1002', 'P1004', 788333894);
    insert into ComprasProveedores (idCompra, idProveedor, precio) values ('C1003', 'P1040', 996352821);
    insert into ComprasProveedores (idCompra, idProveedor, precio) values ('C1013', 'P1032', 138073020);
    insert into ComprasProveedores (idCompra, idProveedor, precio) values ('C1053', 'P1000', 119694933);
    insert into ComprasProveedores (idCompra, idProveedor, precio) values ('C1079', 'P1019', 359451453);
    insert into ComprasProveedores (idCompra, idProveedor, precio) values ('C1020', 'P1023', 332064378);
    insert into ComprasProveedores (idCompra, idProveedor, precio) values ('C1047', 'P1020', 471649610);
    insert into ComprasProveedores (idCompra, idProveedor, precio) values ('C1030', 'P1047', 87181231);
    insert into ComprasProveedores (idCompra, idProveedor, precio) values ('C1090', 'P1082', 815401541);
    insert into ComprasProveedores (idCompra, idProveedor, precio) values ('C1026', 'P1001', 891233750);
    insert into ComprasProveedores (idCompra, idProveedor, precio) values ('C1081', 'P1041', 211548469);
    insert into ComprasProveedores (idCompra, idProveedor, precio) values ('C1077', 'P1092', 473682997);
    insert into ComprasProveedores (idCompra, idProveedor, precio) values ('C1077', 'P1084', 454962612);
    insert into ComprasProveedores (idCompra, idProveedor, precio) values ('C1080', 'P1049', 610680259);
    insert into ComprasProveedores (idCompra, idProveedor, precio) values ('C1019', 'P1006', 308173760);
    insert into ComprasProveedores (idCompra, idProveedor, precio) values ('C1063', 'P1000', 865087607);
    insert into ComprasProveedores (idCompra, idProveedor, precio) values ('C1027', 'P1094', 274534381);
    insert into ComprasProveedores (idCompra, idProveedor, precio) values ('C1038', 'P1046', 186729585);
    insert into ComprasProveedores (idCompra, idProveedor, precio) values ('C1089', 'P1056', 798988248);
    insert into ComprasProveedores (idCompra, idProveedor, precio) values ('C1070', 'P1004', 924936544);
    insert into ComprasProveedores (idCompra, idProveedor, precio) values ('C1038', 'P1052', 549624644);
    insert into ComprasProveedores (idCompra, idProveedor, precio) values ('C1051', 'P1014', 931754216);
    insert into ComprasProveedores (idCompra, idProveedor, precio) values ('C1059', 'P1024', 572087929);
    insert into ComprasProveedores (idCompra, idProveedor, precio) values ('C1065', 'P1092', 480668814);
    insert into ComprasProveedores (idCompra, idProveedor, precio) values ('C1054', 'P1080', 856813908);
    insert into ComprasProveedores (idCompra, idProveedor, precio) values ('C1077', 'P1003', 142632974);
    insert into ComprasProveedores (idCompra, idProveedor, precio) values ('C1032', 'P1070', 343582650);
    insert into ComprasProveedores (idCompra, idProveedor, precio) values ('C1030', 'P1013', 824860692);
    insert into ComprasProveedores (idCompra, idProveedor, precio) values ('C1088', 'P1041', 720361576);
    insert into ComprasProveedores (idCompra, idProveedor, precio) values ('C1024', 'P1053', 253027082);
    insert into ComprasProveedores (idCompra, idProveedor, precio) values ('C1032', 'P1063', 57018614);
    insert into ComprasProveedores (idCompra, idProveedor, precio) values ('C1055', 'P1041', 17381104);
    insert into ComprasProveedores (idCompra, idProveedor, precio) values ('C1077', 'P1099', 599615381);
    insert into ComprasProveedores (idCompra, idProveedor, precio) values ('C1050', 'P1063', 523670271);
    insert into ComprasProveedores (idCompra, idProveedor, precio) values ('C1084', 'P1007', 415298246);
    insert into ComprasProveedores (idCompra, idProveedor, precio) values ('C1082', 'P1057', 375542840);
    insert into ComprasProveedores (idCompra, idProveedor, precio) values ('C1046', 'P1072', 674315333);
    insert into ComprasProveedores (idCompra, idProveedor, precio) values ('C1056', 'P1051', 385040530);

    insert into Perecederos (id, fechaDeVencimiento, nombre, precio, cantidad, idProveedor) values (10000000, '24/10/2025', 'Mango Dulce', 150483200, 57090, 'P1026');
    insert into Perecederos (id, fechaDeVencimiento, nombre, precio, cantidad, idProveedor) values (10000001, '24/10/2025', 'Manzana de Agua', 150483200, 57090, 'P1059');
    insert into Perecederos (id, fechaDeVencimiento, nombre, precio, cantidad, idProveedor) values (10000002, '24/10/2025', 'Pltanos', 150483200, 57090, 'P1026');
    insert into Perecederos (id, fechaDeVencimiento, nombre, precio, cantidad, idProveedor) values (10000003, '16/04/2025', 'Fresas', 71706157, 70397, 'P1089');
    insert into Perecederos (id, fechaDeVencimiento, nombre, precio, cantidad, idProveedor) values (10000004, '02/06/2026', 'Uvas', 314509774, 8332, 'P1041');
    insert into Perecederos (id, fechaDeVencimiento, nombre, precio, cantidad, idProveedor) values (10000005, '27/06/2023', 'Sanda', 909379476, 10725, 'P1017');
    insert into Perecederos (id, fechaDeVencimiento, nombre, precio, cantidad, idProveedor) values (10000006, '20/07/2024', 'Meln', 869269403, 233, 'P1002');
    insert into Perecederos (id, fechaDeVencimiento, nombre, precio, cantidad, idProveedor) values (10000007, '05/07/2023', 'Pia', 557296573, 67959, 'P1050');
    insert into Perecederos (id, fechaDeVencimiento, nombre, precio, cantidad, idProveedor) values (10000008, '22/04/2025', 'Papaya', 867094669, 50270, 'P1047');
    insert into Perecederos (id, fechaDeVencimiento, nombre, precio, cantidad, idProveedor) values (10000009, '17/09/2026', 'Mango', 155929704, 11390, 'P1048');
    insert into Perecederos (id, fechaDeVencimiento, nombre, precio, cantidad, idProveedor) values (10000010, '01/10/2023', 'Kiwi', 930933333, 4155, 'P1000');
    insert into Perecederos (id, fechaDeVencimiento, nombre, precio, cantidad, idProveedor) values (10000011, '26/02/2023', 'Naranjas', 751294286, 76349, 'P1079');
    insert into Perecederos (id, fechaDeVencimiento, nombre, precio, cantidad, idProveedor) values (10000012, '12/05/2024', 'Limones', 247055688, 64547, 'P1050');
    insert into Perecederos (id, fechaDeVencimiento, nombre, precio, cantidad, idProveedor) values (10000013, '12/10/2026', 'Limas', 300230999, 95734, 'P1013');
    insert into Perecederos (id, fechaDeVencimiento, nombre, precio, cantidad, idProveedor) values (10000014, '04/01/2023', 'Pomelos', 886596474, 8394, 'P1014');
    insert into Perecederos (id, fechaDeVencimiento, nombre, precio, cantidad, idProveedor) values (10000015, '21/08/2025', 'Mandarinas', 280058608, 47950, 'P1054');
    insert into Perecederos (id, fechaDeVencimiento, nombre, precio, cantidad, idProveedor) values (10000016, '05/03/2024', 'Aguacates', 515173783, 96035, 'P1023');
    insert into Perecederos (id, fechaDeVencimiento, nombre, precio, cantidad, idProveedor) values (10000017, '10/07/2023', 'Tomates', 817073678, 64329, 'P1031');
    insert into Perecederos (id, fechaDeVencimiento, nombre, precio, cantidad, idProveedor) values (10000018, '24/10/2023', 'Lechugas', 697154522, 27044, 'P1059');
    insert into Perecederos (id, fechaDeVencimiento, nombre, precio, cantidad, idProveedor) values (10000019, '22/04/2026', 'Espinacas', 769741125, 93275, 'P1076');
    insert into Perecederos (id, fechaDeVencimiento, nombre, precio, cantidad, idProveedor) values (10000020, '31/08/2026', 'Kale', 461638202, 77594, 'P1033');
    insert into Perecederos (id, fechaDeVencimiento, nombre, precio, cantidad, idProveedor) values (10000021, '26/12/2026', 'Brcoli', 302552490, 94578, 'P1033');
    insert into Perecederos (id, fechaDeVencimiento, nombre, precio, cantidad, idProveedor) values (10000022, '22/01/2027', 'Coliflor', 755270490, 92344, 'P1069');
    insert into Perecederos (id, fechaDeVencimiento, nombre, precio, cantidad, idProveedor) values (10000023, '06/01/2026', 'Zanahorias', 496784969, 14693, 'P1011');
    insert into Perecederos (id, fechaDeVencimiento, nombre, precio, cantidad, idProveedor) values (10000024, '24/04/2026', 'Calabacines', 678710292, 95546, 'P1097');
    insert into Perecederos (id, fechaDeVencimiento, nombre, precio, cantidad, idProveedor) values (10000025, '13/07/2023', 'Berenjenas', 396144869, 37907, 'P1055');
    insert into Perecederos (id, fechaDeVencimiento, nombre, precio, cantidad, idProveedor) values (10000026, '16/11/2025', 'Pepinos', 847983435, 90789, 'P1026');
    insert into Perecederos (id, fechaDeVencimiento, nombre, precio, cantidad, idProveedor) values (10000027, '20/03/2024', 'Pimientos', 592840090, 3556, 'P1022');
    insert into Perecederos (id, fechaDeVencimiento, nombre, precio, cantidad, idProveedor) values (10000028, '09/12/2024', 'Cebollas', 52669311, 47577, 'P1009');
    insert into Perecederos (id, fechaDeVencimiento, nombre, precio, cantidad, idProveedor) values (10000029, '13/01/2026', 'Ajo', 794426545, 30863, 'P1023');
    insert into Perecederos (id, fechaDeVencimiento, nombre, precio, cantidad, idProveedor) values (10000030, '17/09/2025', 'Patatas', 690686978, 62062, 'P1070');
    insert into Perecederos (id, fechaDeVencimiento, nombre, precio, cantidad, idProveedor) values (10000031, '18/04/2025', 'Batatas', 75200714, 30740, 'P1008');
    insert into Perecederos (id, fechaDeVencimiento, nombre, precio, cantidad, idProveedor) values (10000032, '28/10/2024', 'Calabaza', 228167720, 55153, 'P1021');
    insert into Perecederos (id, fechaDeVencimiento, nombre, precio, cantidad, idProveedor) values (10000033, '20/07/2023', 'Remolacha', 132061658, 88931, 'P1095');
    insert into Perecederos (id, fechaDeVencimiento, nombre, precio, cantidad, idProveedor) values (10000034, '29/11/2026', 'Maz', 650717229, 83693, 'P1030');
    insert into Perecederos (id, fechaDeVencimiento, nombre, precio, cantidad, idProveedor) values (10000035, '27/10/2026', 'Guisantes', 964441518, 41185, 'P1060');
    insert into Perecederos (id, fechaDeVencimiento, nombre, precio, cantidad, idProveedor) values (10000036, '10/07/2020', 'Judas verdes', 370586530, 0, 'P1062');
    insert into Perecederos (id, fechaDeVencimiento, nombre, precio, cantidad, idProveedor) values (10000037, '18/12/2025', 'Championes', 964931373, 6364, 'P1058');
    insert into Perecederos (id, fechaDeVencimiento, nombre, precio, cantidad, idProveedor) values (10000038, '15/04/2024', 'Setas', 158349912, 1875, 'P1034');
    insert into Perecederos (id, fechaDeVencimiento, nombre, precio, cantidad, idProveedor) values (10000039, '23/09/2023', 'Alcachofas', 492885206, 15073, 'P1044');
    insert into Perecederos (id, fechaDeVencimiento, nombre, precio, cantidad, idProveedor) values (10000040, '17/12/2025', 'Aceitunas', 35537462, 73542, 'P1098');
    insert into Perecederos (id, fechaDeVencimiento, nombre, precio, cantidad, idProveedor) values (10000041, '08/12/2023', 'Queso', 24905920, 860, 'P1022');
    insert into Perecederos (id, fechaDeVencimiento, nombre, precio, cantidad, idProveedor) values (10000042, '06/01/2023', 'Huevos', 229378621, 47226, 'P1004');
    insert into Perecederos (id, fechaDeVencimiento, nombre, precio, cantidad, idProveedor) values (10000043, '28/03/2024', 'Mantequilla', 308969504, 71554, 'P1087');
    insert into Perecederos (id, fechaDeVencimiento, nombre, precio, cantidad, idProveedor) values (10000044, '28/02/2023', 'Crema', 47346465, 26073, 'P1032');
    insert into Perecederos (id, fechaDeVencimiento, nombre, precio, cantidad, idProveedor) values (10000045, '19/04/2025', 'Yogur', 310321832, 69247, 'P1071');
    insert into Perecederos (id, fechaDeVencimiento, nombre, precio, cantidad, idProveedor) values (10000046, '20/02/2027', 'Leche', 569438766, 33088, 'P1092');
    insert into Perecederos (id, fechaDeVencimiento, nombre, precio, cantidad, idProveedor) values (10000047, '15/11/2023', 'Helado', 465020144, 17272, 'P1068');
    insert into Perecederos (id, fechaDeVencimiento, nombre, precio, cantidad, idProveedor) values (10000048, '11/04/2027', 'Carne de vaca', 41728561, 19695, 'P1041');
    insert into Perecederos (id, fechaDeVencimiento, nombre, precio, cantidad, idProveedor) values (10000049, '19/08/2025', 'Carne de cerdo', 422458602, 59356, 'P1036');
    insert into Perecederos (id, fechaDeVencimiento, nombre, precio, cantidad, idProveedor) values (10000050, '12/06/2023', 'Carne de pollo', 76262871, 86101, 'P1040');
    insert into Perecederos (id, fechaDeVencimiento, nombre, precio, cantidad, idProveedor) values (10000051, '14/01/2026', 'Carne de pavo', 202865074, 5163, 'P1073');
    insert into Perecederos (id, fechaDeVencimiento, nombre, precio, cantidad, idProveedor) values (10000052, '20/01/2025', 'Pescado', 673230522, 48969, 'P1038');
    insert into Perecederos (id, fechaDeVencimiento, nombre, precio, cantidad, idProveedor) values (10000053, '04/06/2025', 'Mariscos', 350159498, 4803, 'P1070');
    insert into Perecederos (id, fechaDeVencimiento, nombre, precio, cantidad, idProveedor) values (10000054, '17/10/2023', 'Salchichas', 397456743, 74086, 'P1032');
    insert into Perecederos (id, fechaDeVencimiento, nombre, precio, cantidad, idProveedor) values (10000055, '26/05/2026', 'Bacon', 125923955, 21439, 'P1099');
    insert into Perecederos (id, fechaDeVencimiento, nombre, precio, cantidad, idProveedor) values (10000056, '26/06/2024', 'Jamn', 117138482, 66397, 'P1079');
    insert into Perecederos (id, fechaDeVencimiento, nombre, precio, cantidad, idProveedor) values (10000057, '05/02/2024', 'Salami', 579936481, 93634, 'P1034');
    insert into Perecederos (id, fechaDeVencimiento, nombre, precio, cantidad, idProveedor) values (10000058, '25/08/2024', 'Mortadela', 717156665, 38656, 'P1081');
    insert into Perecederos (id, fechaDeVencimiento, nombre, precio, cantidad, idProveedor) values (10000059, '07/01/2023', 'Chorizo', 586315999, 24987, 'P1011');
    insert into Perecederos (id, fechaDeVencimiento, nombre, precio, cantidad, idProveedor) values (10000060, '28/08/2023', 'Lomo embuchado', 377896912, 33095, 'P1006');
    insert into Perecederos (id, fechaDeVencimiento, nombre, precio, cantidad, idProveedor) values (10000061, '01/06/2024', 'Atn en lata', 344406259, 84143, 'P1037');
    insert into Perecederos (id, fechaDeVencimiento, nombre, precio, cantidad, idProveedor) values (10000062, '24/03/2023', 'Sardinas en lata', 462603721, 70304, 'P1026');
    insert into Perecederos (id, fechaDeVencimiento, nombre, precio, cantidad, idProveedor) values (10000063, '11/01/2026', 'Anchoas en lata', 117964119, 16832, 'P1029');
    insert into Perecederos (id, fechaDeVencimiento, nombre, precio, cantidad, idProveedor) values (10000064, '11/07/2026', 'Pat', 790045397, 94464, 'P1000');
    insert into Perecederos (id, fechaDeVencimiento, nombre, precio, cantidad, idProveedor) values (10000065, '09/05/2023', 'Hummus', 450619272, 52873, 'P1030');
    insert into Perecederos (id, fechaDeVencimiento, nombre, precio, cantidad, idProveedor) values (10000066, '15/03/2027', 'Guacamole', 582331181, 4265, 'P1072');
    insert into Perecederos (id, fechaDeVencimiento, nombre, precio, cantidad, idProveedor) values (10000067, '21/04/2024', 'Salsa de tomate', 993465622, 23837, 'P1065');
    insert into Perecederos (id, fechaDeVencimiento, nombre, precio, cantidad, idProveedor) values (10000068, '31/10/2026', 'Salsa de pesto', 479409346, 73309, 'P1018');
    insert into Perecederos (id, fechaDeVencimiento, nombre, precio, cantidad, idProveedor) values (10000069, '25/02/2024', 'Salsa de queso', 385273383, 5143, 'P1073');
    insert into Perecederos (id, fechaDeVencimiento, nombre, precio, cantidad, idProveedor) values (10000070, '12/10/2023', 'Salsa de soja', 576198972, 990, 'P1065');
    insert into Perecederos (id, fechaDeVencimiento, nombre, precio, cantidad, idProveedor) values (10000071, '05/12/2025', 'Mostaza', 183122283, 16607, 'P1063');
    insert into Perecederos (id, fechaDeVencimiento, nombre, precio, cantidad, idProveedor) values (10000072, '20/03/2027', 'Ketchup', 672258342, 76751, 'P1017');
    insert into Perecederos (id, fechaDeVencimiento, nombre, precio, cantidad, idProveedor) values (10000073, '15/04/2026', 'Mayonesa', 27917129, 19033, 'P1098');
    insert into Perecederos (id, fechaDeVencimiento, nombre, precio, cantidad, idProveedor) values (10000074, '10/09/2023', 'Aceite de oliva', 927206578, 57701, 'P1086');
    insert into Perecederos (id, fechaDeVencimiento, nombre, precio, cantidad, idProveedor) values (10000075, '04/11/2026', 'Vinagre', 166613591, 85589, 'P1056');
    insert into Perecederos (id, fechaDeVencimiento, nombre, precio, cantidad, idProveedor) values (10000076, '10/12/2025', 'Sal', 740856994, 85433, 'P1017');
    insert into Perecederos (id, fechaDeVencimiento, nombre, precio, cantidad, idProveedor) values (10000077, '08/12/2024', 'Pimienta', 388553564, 61336, 'P1087');
    insert into Perecederos (id, fechaDeVencimiento, nombre, precio, cantidad, idProveedor) values (10000078, '04/04/2024', 'Azcar', 266074326, 46676, 'P1051');
    insert into Perecederos (id, fechaDeVencimiento, nombre, precio, cantidad, idProveedor) values (10000079, '01/08/2023', 'Harina', 420236174, 11097, 'P1082');
    insert into Perecederos (id, fechaDeVencimiento, nombre, precio, cantidad, idProveedor) values (10000080, '07/10/2025', 'Arroz', 563922834, 33579, 'P1005');
    insert into Perecederos (id, fechaDeVencimiento, nombre, precio, cantidad, idProveedor) values (10000081, '15/07/2025', 'Pasta', 775937220, 22004, 'P1013');
    insert into Perecederos (id, fechaDeVencimiento, nombre, precio, cantidad, idProveedor) values (10000082, '09/11/2026', 'Pan', 534435211, 69214, 'P1001');
    insert into Perecederos (id, fechaDeVencimiento, nombre, precio, cantidad, idProveedor) values (10000083, '18/12/2023', 'Galletas', 125194399, 80255, 'P1014');
    insert into Perecederos (id, fechaDeVencimiento, nombre, precio, cantidad, idProveedor) values (10000084, '22/09/2026', 'Cereales', 650376763, 32300, 'P1002');
    insert into Perecederos (id, fechaDeVencimiento, nombre, precio, cantidad, idProveedor) values (10000085, '02/06/2024', 'Chocolate', 504774622, 98147, 'P1071');
    insert into Perecederos (id, fechaDeVencimiento, nombre, precio, cantidad, idProveedor) values (10000086, '04/07/2023', 'Frutos secos', 211802475, 89803, 'P1001');
    insert into Perecederos (id, fechaDeVencimiento, nombre, precio, cantidad, idProveedor) values (10000087, '14/07/2023', 'Pasas', 501212559, 19461, 'P1098');
    insert into Perecederos (id, fechaDeVencimiento, nombre, precio, cantidad, idProveedor) values (10000088, '29/09/2023', 'Dtiles', 133385342, 40858, 'P1056');
    insert into Perecederos (id, fechaDeVencimiento, nombre, precio, cantidad, idProveedor) values (10000089, '01/07/2023', 'Higos', 893269136, 2567, 'P1048');
    insert into Perecederos (id, fechaDeVencimiento, nombre, precio, cantidad, idProveedor) values (10000090, '31/01/2025', 'Cerezas', 295825626, 41491, 'P1096');
    insert into Perecederos (id, fechaDeVencimiento, nombre, precio, cantidad, idProveedor) values (10000091, '06/08/2026', 'Ciruelas', 435885389, 92928, 'P1052');
    insert into Perecederos (id, fechaDeVencimiento, nombre, precio, cantidad, idProveedor) values (10000092, '18/02/2027', 'Melocotones', 917246443, 71816, 'P1084');
    insert into Perecederos (id, fechaDeVencimiento, nombre, precio, cantidad, idProveedor) values (10000093, '22/02/2026', 'Albaricoques', 988800337, 84012, 'P1082');
    insert into Perecederos (id, fechaDeVencimiento, nombre, precio, cantidad, idProveedor) values (10000094, '08/10/2026', 'Nectarinas', 156190910, 14810, 'P1037');
    insert into Perecederos (id, fechaDeVencimiento, nombre, precio, cantidad, idProveedor) values (10000095, '23/12/2026', 'Moras', 998271564, 33899, 'P1065');
    insert into Perecederos (id, fechaDeVencimiento, nombre, precio, cantidad, idProveedor) values (10000096, '14/07/2023', 'Arndanos', 385638492, 6533, 'P1040');
    insert into Perecederos (id, fechaDeVencimiento, nombre, precio, cantidad, idProveedor) values (10000097, '12/12/2026', 'Frambuesas', 539746518, 44021, 'P1091');
    insert into Perecederos (id, fechaDeVencimiento, nombre, precio, cantidad, idProveedor) values (10000098, '21/09/2023', 'Macarrones', 685223384, 86871, 'P1077');
    insert into Perecederos (id, fechaDeVencimiento, nombre, precio, cantidad, idProveedor) values (10000099, '11/07/2025', 'Uvas pasas', 297288307, 78676, 'P1045');


    insert into noPerecederos (id, tipo, nombre, precio, cantidad, idProveedor) values (10001001, 'D', 'Arroz', 259266223, 48161, 'P1031');
    insert into noPerecederos (id, tipo, nombre, precio, cantidad, idProveedor) values (10001002, 'E', 'Azcar', 27023290, 82549, 'P1029');
    insert into noPerecederos (id, tipo, nombre, precio, cantidad, idProveedor) values (10001003, 'D', 'Caf', 982167460, 69982, 'P1086');
    insert into noPerecederos (id, tipo, nombre, precio, cantidad, idProveedor) values (10001004, 'E', 'Cereales', 425441812, 15908, 'P1071');
    insert into noPerecederos (id, tipo, nombre, precio, cantidad, idProveedor) values (10001005, 'D', 'Chocolate en polvo', 583498534, 26869, 'P1078');
    insert into noPerecederos (id, tipo, nombre, precio, cantidad, idProveedor) values (10001006, 'D', 'atn', 959033033, 12112, 'P1088');
    insert into noPerecederos (id, tipo, nombre, precio, cantidad, idProveedor) values (10001007, 'D', 'sardinas', 954819556, 35514, 'P1027');
    insert into noPerecederos (id, tipo, nombre, precio, cantidad, idProveedor) values (10001008, 'D', 'vegetales', 263066810, 1893, 'P1096');
    insert into noPerecederos (id, tipo, nombre, precio, cantidad, idProveedor) values (10001009, 'E', 'Crema de cacahuate', 241547867, 73029, 'P1053');
    insert into noPerecederos (id, tipo, nombre, precio, cantidad, idProveedor) values (10001010, 'E', 'Frijoles', 457813877, 55657, 'P1084');
    insert into noPerecederos (id, tipo, nombre, precio, cantidad, idProveedor) values (10001011, 'D', 'Galletas', 577294527, 0, 'P1062');
    insert into noPerecederos (id, tipo, nombre, precio, cantidad, idProveedor) values (10001012, 'D', 'Harina', 234862726, 53845, 'P1059');
    insert into noPerecederos (id, tipo, nombre, precio, cantidad, idProveedor) values (10001013, 'D', 'Hierbas y especias', 338751077, 15229, 'P1035');
    insert into noPerecederos (id, tipo, nombre, precio, cantidad, idProveedor) values (10001014, 'E', 'Jabn de tocador', 974865856, 82775, 'P1003');
    insert into noPerecederos (id, tipo, nombre, precio, cantidad, idProveedor) values (10001015, 'E', 'Jabn en polvo', 373722429, 63268, 'P1023');
    insert into noPerecederos (id, tipo, nombre, precio, cantidad, idProveedor) values (10001016, 'E', 'Jugo en polvo', 653856999, 67810, 'P1051');
    insert into noPerecederos (id, tipo, nombre, precio, cantidad, idProveedor) values (10001017, 'E', 'Leche en polvo', 772424979, 64972, 'P1079');
    insert into noPerecederos (id, tipo, nombre, precio, cantidad, idProveedor) values (10001018, 'D', 'Lentejas', 595773928, 34516, 'P1035');
    insert into noPerecederos (id, tipo, nombre, precio, cantidad, idProveedor) values (10001019, 'D', 'Mantequilla de man', 618781035, 77238, 'P1033');
    insert into noPerecederos (id, tipo, nombre, precio, cantidad, idProveedor) values (10001020, 'D', 'Mayonesa', 852309124, 74788, 'P1048');
    insert into noPerecederos (id, tipo, nombre, precio, cantidad, idProveedor) values (10001021, 'E', 'Mermelada', 960797279, 17357, 'P1090');
    insert into noPerecederos (id, tipo, nombre, precio, cantidad, idProveedor) values (10001022, 'E', 'Miel', 472967068, 30454, 'P1070');
    insert into noPerecederos (id, tipo, nombre, precio, cantidad, idProveedor) values (10001023, 'E', 'Nueces', 196227482, 67403, 'P1028');
    insert into noPerecederos (id, tipo, nombre, precio, cantidad, idProveedor) values (10001024, 'E', 'Pan tostado', 191921261, 50214, 'P1086');
    insert into noPerecederos (id, tipo, nombre, precio, cantidad, idProveedor) values (10001025, 'E', 'Pasta', 112129546, 75633, 'P1051');
    insert into noPerecederos (id, tipo, nombre, precio, cantidad, idProveedor) values (10001026, 'E', 'Patatas fritas', 515718839, 93573, 'P1046');
    insert into noPerecederos (id, tipo, nombre, precio, cantidad, idProveedor) values (10001027, 'E', 'detergentes', 594949837, 75302, 'P1093');
    insert into noPerecederos (id, tipo, nombre, precio, cantidad, idProveedor) values (10001028, 'E', 'desinfectantes', 891865828, 88850, 'P1088');
    insert into noPerecederos (id, tipo, nombre, precio, cantidad, idProveedor) values (10001029, 'D', 'Productos enlatados', 913676525, 54173, 'P1032');
    insert into noPerecederos (id, tipo, nombre, precio, cantidad, idProveedor) values (10001030, 'D', 'Queso en polvo', 127012156, 17257, 'P1091');
    insert into noPerecederos (id, tipo, nombre, precio, cantidad, idProveedor) values (10001031, 'D', 'Refrescos en polvo', 409169260, 59017, 'P1084');
    insert into noPerecederos (id, tipo, nombre, precio, cantidad, idProveedor) values (10001032, 'E', 'Salsa de tomate', 121443238, 64307, 'P1080');
    insert into noPerecederos (id, tipo, nombre, precio, cantidad, idProveedor) values (10001033, 'E', 'Sal', 281384762, 75745, 'P1080');
    insert into noPerecederos (id, tipo, nombre, precio, cantidad, idProveedor) values (10001034, 'E', 'Sopas enlatadas', 960499908, 37590, 'P1037');
    insert into noPerecederos (id, tipo, nombre, precio, cantidad, idProveedor) values (10001035, 'E', 'T', 467492250, 55196, 'P1046');
    insert into noPerecederos (id, tipo, nombre, precio, cantidad, idProveedor) values (10001036, 'D', 'Vinagre', 170432106, 48931, 'P1065');
    insert into noPerecederos (id, tipo, nombre, precio, cantidad, idProveedor) values (10001037, 'E', 'Aguas embotelladas', 75758001, 73858, 'P1008');
    insert into noPerecederos (id, tipo, nombre, precio, cantidad, idProveedor) values (10001038, 'E', 'Azcar glass', 790979636, 99802, 'P1013');
    insert into noPerecederos (id, tipo, nombre, precio, cantidad, idProveedor) values (10001039, 'D', 'Barras de granola', 260106378, 49200, 'P1094');
    insert into noPerecederos (id, tipo, nombre, precio, cantidad, idProveedor) values (10001040, 'D', 'Caldos de pollo', 706229814, 49864, 'P1019');
    insert into noPerecederos (id, tipo, nombre, precio, cantidad, idProveedor) values (10001041, 'D', 'Caramelos', 600824384, 58850, 'P1076');
    insert into noPerecederos (id, tipo, nombre, precio, cantidad, idProveedor) values (10001042, 'D', 'Cereales para bebs', 174885823, 5264, 'P1079');
    insert into noPerecederos (id, tipo, nombre, precio, cantidad, idProveedor) values (10001043, 'E', 'Chicles', 27280605, 94866, 'P1034');
    insert into noPerecederos (id, tipo, nombre, precio, cantidad, idProveedor) values (10001044, 'E', 'Comida para mascotas', 735368084, 76910, 'P1075');
    insert into noPerecederos (id, tipo, nombre, precio, cantidad, idProveedor) values (10001045, 'D', 'Concentrados para bebidas', 88598839, 66394, 'P1080');
    insert into noPerecederos (id, tipo, nombre, precio, cantidad, idProveedor) values (10001046, 'D', 'Conservas de pescado', 10793991, 88128, 'P1058');
    insert into noPerecederos (id, tipo, nombre, precio, cantidad, idProveedor) values (10001047, 'D', 'Desodorantes', 622345478, 73065, 'P1053');
    insert into noPerecederos (id, tipo, nombre, precio, cantidad, idProveedor) values (10001048, 'D', 'Enjuague bucal', 590905308, 87069, 'P1035');
    insert into noPerecederos (id, tipo, nombre, precio, cantidad, idProveedor) values (10001049, 'D', 'Especias', 447569631, 66654, 'P1083');
    insert into noPerecederos (id, tipo, nombre, precio, cantidad, idProveedor) values (10001050, 'D', 'Frutos secos', 489536909, 0, 'P1062');
    insert into noPerecederos (id, tipo, nombre, precio, cantidad, idProveedor) values (10001051, 'D', 'Gelatinas', 882850330, 8908, 'P1056');
    insert into noPerecederos (id, tipo, nombre, precio, cantidad, idProveedor) values (10001052, 'D', 'Goma de mascar', 15488550, 26779, 'P1069');
    insert into noPerecederos (id, tipo, nombre, precio, cantidad, idProveedor) values (10001053, 'D', 'Grnulos de caf', 373611996, 76211, 'P1047');
    insert into noPerecederos (id, tipo, nombre, precio, cantidad, idProveedor) values (10001054, 'D', 'Infusiones', 935879358, 47974, 'P1038');
    insert into noPerecederos (id, tipo, nombre, precio, cantidad, idProveedor) values (10001055, 'D', 'Jabn lquido', 614942982, 4181, 'P1047');
    insert into noPerecederos (id, tipo, nombre, precio, cantidad, idProveedor) values (10001056, 'D', 'Jaleas', 939921351, 91072, 'P1067');
    insert into noPerecederos (id, tipo, nombre, precio, cantidad, idProveedor) values (10001057, 'E', 'Jugo de frutas', 713862338, 2963, 'P1061');
    insert into noPerecederos (id, tipo, nombre, precio, cantidad, idProveedor) values (10001058, 'D', 'Leche condensada', 970156225, 31392, 'P1023');
    insert into noPerecederos (id, tipo, nombre, precio, cantidad, idProveedor) values (10001059, 'D', 'Leche evaporada', 660485139, 7434, 'P1040');
    insert into noPerecederos (id, tipo, nombre, precio, cantidad, idProveedor) values (10001060, 'E', 'Levadura en polvo', 253775910, 22262, 'P1094');
    insert into noPerecederos (id, tipo, nombre, precio, cantidad, idProveedor) values (10001061, 'E', 'Mantequilla', 389921669, 51874, 'P1086');
    insert into noPerecederos (id, tipo, nombre, precio, cantidad, idProveedor) values (10001062, 'D', 'Miel de maple', 52481371, 98315, 'P1071');
    insert into noPerecederos (id, tipo, nombre, precio, cantidad, idProveedor) values (10001063, 'D', 'Pan integral', 494888892, 46033, 'P1041');
    insert into noPerecederos (id, tipo, nombre, precio, cantidad, idProveedor) values (10001064, 'E', 'Papas fritas', 91526135, 28305, 'P1080');
    insert into noPerecederos (id, tipo, nombre, precio, cantidad, idProveedor) values (10001065, 'E', 'Pasas', 656875836, 71505, 'P1075');
    insert into noPerecederos (id, tipo, nombre, precio, cantidad, idProveedor) values (10001066, 'E', 'Polvos para hornear', 815963210, 88385, 'P1020');
    insert into noPerecederos (id, tipo, nombre, precio, cantidad, idProveedor) values (10001067, 'D', 'Queso parmesano', 903698045, 60329, 'P1032');
    insert into noPerecederos (id, tipo, nombre, precio, cantidad, idProveedor) values (10001068, 'D', 'Salsa de soja', 331213668, 48727, 'P1055');
    insert into noPerecederos (id, tipo, nombre, precio, cantidad, idProveedor) values (10001069, 'D', 'Salsas picantes', 486996736, 22588, 'P1019');
    insert into noPerecederos (id, tipo, nombre, precio, cantidad, idProveedor) values (10001070, 'E', 'Sopas instantneas', 495464960, 80383, 'P1048');
    insert into noPerecederos (id, tipo, nombre, precio, cantidad, idProveedor) values (10001071, 'E', 'Tomates secos', 11860208, 68279, 'P1082');
    insert into noPerecederos (id, tipo, nombre, precio, cantidad, idProveedor) values (10001072, 'D', 'Tnicos capilares', 620269624, 29089, 'P1025');
    insert into noPerecederos (id, tipo, nombre, precio, cantidad, idProveedor) values (10001073, 'D', 'Vinagreta', 90606079, 66094, 'P1075');
    insert into noPerecederos (id, tipo, nombre, precio, cantidad, idProveedor) values (10001074, 'E', 'Vinagre balsmico', 473311854, 28103, 'P1023');
    insert into noPerecederos (id, tipo, nombre, precio, cantidad, idProveedor) values (10001075, 'D', 'Vitaminas y suplementos alimenticios', 804754194, 48346, 'P1078');
    insert into noPerecederos (id, tipo, nombre, precio, cantidad, idProveedor) values (10001076, 'D', 'Yogur en polvo', 896103539, 26120, 'P1003');
    insert into noPerecederos (id, tipo, nombre, precio, cantidad, idProveedor) values (10001077, 'D', 'Aceitunas', 722896549, 95131, 'P1022');
    insert into noPerecederos (id, tipo, nombre, precio, cantidad, idProveedor) values (10001078, 'E', 'Aceite de oliva', 300871613, 20386, 'P1038');
    insert into noPerecederos (id, tipo, nombre, precio, cantidad, idProveedor) values (10001079, 'D', 'Aderezo para ensaladas', 591960417, 91806, 'P1064');
    insert into noPerecederos (id, tipo, nombre, precio, cantidad, idProveedor) values (10001080, 'D', 'Arroz instantneo', 98488630, 43885, 'P1079');
    insert into noPerecederos (id, tipo, nombre, precio, cantidad, idProveedor) values (10001081, 'E', 'Azcar moreno', 693952794, 14789, 'P1040');
    insert into noPerecederos (id, tipo, nombre, precio, cantidad, idProveedor) values (10001082, 'E', 'Barras energticas', 545897254, 91189, 'P1049');
    insert into noPerecederos (id, tipo, nombre, precio, cantidad, idProveedor) values (10001083, 'E', 'Caldo de carne', 186666454, 34059, 'P1004');
    insert into noPerecederos (id, tipo, nombre, precio, cantidad, idProveedor) values (10001084, 'E', 'Caramelos duros', 634466077, 65989, 'P1043');
    insert into noPerecederos (id, tipo, nombre, precio, cantidad, idProveedor) values (10001085, 'E', 'Cereales integrales', 658399800, 75176, 'P1040');
    insert into noPerecederos (id, tipo, nombre, precio, cantidad, idProveedor) values (10001086, 'D', 'Cerveza sin alcohol', 521324536, 34665, 'P1002');
    insert into noPerecederos (id, tipo, nombre, precio, cantidad, idProveedor) values (10001087, 'D', 'Churros', 756493438, 94246, 'P1033');
    insert into noPerecederos (id, tipo, nombre, precio, cantidad, idProveedor) values (10001088, 'D', 'Concentrados de frutas', 60486967, 29022, 'P1059');
    insert into noPerecederos (id, tipo, nombre, precio, cantidad, idProveedor) values (10001089, 'E', 'Crema de leche', 741965724, 78340, 'P1025');
    insert into noPerecederos (id, tipo, nombre, precio, cantidad, idProveedor) values (10001090, 'E', 'Desodorante para pies', 302915395, 57934, 'P1031');
    insert into noPerecederos (id, tipo, nombre, precio, cantidad, idProveedor) values (10001091, 'D', 'Enlatados de pescado', 71853516, 1493, 'P1061');
    insert into noPerecederos (id, tipo, nombre, precio, cantidad, idProveedor) values (10001092, 'D', 'Esponjas para bao', 758993465, 93851, 'P1085');
    insert into noPerecederos (id, tipo, nombre, precio, cantidad, idProveedor) values (10001093, 'E', 'Galletas de arroz', 43643879, 89408, 'P1098');
    insert into noPerecederos (id, tipo, nombre, precio, cantidad, idProveedor) values (10001094, 'D', 'Gomitas', 754355347, 92980, 'P1059');
    insert into noPerecederos (id, tipo, nombre, precio, cantidad, idProveedor) values (10001095, 'E', 'Granola', 971556523, 97924, 'P1048');
    insert into noPerecederos (id, tipo, nombre, precio, cantidad, idProveedor) values (10001096, 'D', 'Hierbas aromticas', 981139870, 50579, 'P1043');
    insert into noPerecederos (id, tipo, nombre, precio, cantidad, idProveedor) values (10001097, 'D', 'Jugo de naranja en polvo', 461610097, 27989, 'P1006');
    insert into noPerecederos (id, tipo, nombre, precio, cantidad, idProveedor) values (10001098, 'E', 'Leche de soja', 563332188, 6421, 'P1068');
    insert into noPerecederos (id, tipo, nombre, precio, cantidad, idProveedor) values (10001099, 'E', 'Leche UHT', 843732616, 74580, 'P1045');
    insert into noPerecederos (id, tipo, nombre, precio, cantidad, idProveedor) values (10001100, 'E', 'Masa para pizza', 969927132, 1952, 'P1037');

    insert into DetalleProductosCompras (idPerecederos, idNoPerecederos, idDetalleCompra, idCompra) values (10000075, 10001070, 'C1000', 'C1089');
    insert into DetalleProductosCompras (idPerecederos, idNoPerecederos, idDetalleCompra, idCompra) values (10000059, 10001012, 'C1001', 'C1098');
    insert into DetalleProductosCompras (idPerecederos, idNoPerecederos, idDetalleCompra, idCompra) values (10000069, 10001096, 'C1002', 'C1040');
    insert into DetalleProductosCompras (idPerecederos, idNoPerecederos, idDetalleCompra, idCompra) values (10000054, 10001061, 'C1003', 'C1078');
    insert into DetalleProductosCompras (idPerecederos, idNoPerecederos, idDetalleCompra, idCompra) values (10000049, 10001010, 'C1004', 'C1043');
    insert into DetalleProductosCompras (idPerecederos, idNoPerecederos, idDetalleCompra, idCompra) values (10000016, 10001023, 'C1005', 'C1028');
    insert into DetalleProductosCompras (idPerecederos, idNoPerecederos, idDetalleCompra, idCompra) values (10000076, 10001004, 'C1006', 'C1087');
    insert into DetalleProductosCompras (idPerecederos, idNoPerecederos, idDetalleCompra, idCompra) values (10000005, 10001003, 'C1007', 'C1077');
    insert into DetalleProductosCompras (idPerecederos, idNoPerecederos, idDetalleCompra, idCompra) values (10000055, 10001022, 'C1008', 'C1050');
    insert into DetalleProductosCompras (idPerecederos, idNoPerecederos, idDetalleCompra, idCompra) values (10000051, 10001099, 'C1009', 'C1025');
    insert into DetalleProductosCompras (idPerecederos, idNoPerecederos, idDetalleCompra, idCompra) values (10000095, 10001030, 'C1010', 'C1044');
    insert into DetalleProductosCompras (idPerecederos, idNoPerecederos, idDetalleCompra, idCompra) values (10000016, 10001096, 'C1011', 'C1047');
    insert into DetalleProductosCompras (idPerecederos, idNoPerecederos, idDetalleCompra, idCompra) values (10000022, 10001099, 'C1012', 'C1070');
    insert into DetalleProductosCompras (idPerecederos, idNoPerecederos, idDetalleCompra, idCompra) values (10000067, 10001013, 'C1013', 'C1072');
    insert into DetalleProductosCompras (idPerecederos, idNoPerecederos, idDetalleCompra, idCompra) values (10000047, 10001031, 'C1014', 'C1028');
    insert into DetalleProductosCompras (idPerecederos, idNoPerecederos, idDetalleCompra, idCompra) values (10000050, 10001048, 'C1015', 'C1078');
    insert into DetalleProductosCompras (idPerecederos, idNoPerecederos, idDetalleCompra, idCompra) values (10000001, 10001036, 'C1016', 'C1085');
    insert into DetalleProductosCompras (idPerecederos, idNoPerecederos, idDetalleCompra, idCompra) values (10000094, 10001087, 'C1017', 'C1096');
    insert into DetalleProductosCompras (idPerecederos, idNoPerecederos, idDetalleCompra, idCompra) values (10000015, 10001081, 'C1018', 'C1072');
    insert into DetalleProductosCompras (idPerecederos, idNoPerecederos, idDetalleCompra, idCompra) values (10000057, 10001038, 'C1019', 'C1053');
    insert into DetalleProductosCompras (idPerecederos, idNoPerecederos, idDetalleCompra, idCompra) values (10000044, 10001032, 'C1020', 'C1099');
    insert into DetalleProductosCompras (idPerecederos, idNoPerecederos, idDetalleCompra, idCompra) values (10000014, 10001052, 'C1021', 'C1088');
    insert into DetalleProductosCompras (idPerecederos, idNoPerecederos, idDetalleCompra, idCompra) values (10000061, 10001029, 'C1022', 'C1045');
    insert into DetalleProductosCompras (idPerecederos, idNoPerecederos, idDetalleCompra, idCompra) values (10000055, 10001094, 'C1023', 'C1079');
    insert into DetalleProductosCompras (idPerecederos, idNoPerecederos, idDetalleCompra, idCompra) values (10000006, 10001011, 'C1024', 'C1057');
    insert into DetalleProductosCompras (idPerecederos, idNoPerecederos, idDetalleCompra, idCompra) values (10000018, 10001073, 'C1025', 'C1058');
    insert into DetalleProductosCompras (idPerecederos, idNoPerecederos, idDetalleCompra, idCompra) values (10000002, 10001079, 'C1026', 'C1094');
    insert into DetalleProductosCompras (idPerecederos, idNoPerecederos, idDetalleCompra, idCompra) values (10000014, 10001034, 'C1027', 'C1053');
    insert into DetalleProductosCompras (idPerecederos, idNoPerecederos, idDetalleCompra, idCompra) values (10000016, 10001034, 'C1028', 'C1009');
    insert into DetalleProductosCompras (idPerecederos, idNoPerecederos, idDetalleCompra, idCompra) values (10000056, 10001066, 'C1029', 'C1071');
    insert into DetalleProductosCompras (idPerecederos, idNoPerecederos, idDetalleCompra, idCompra) values (10000096, 10001061, 'C1030', 'C1001');
    insert into DetalleProductosCompras (idPerecederos, idNoPerecederos, idDetalleCompra, idCompra) values (10000018, 10001084, 'C1031', 'C1033');
    insert into DetalleProductosCompras (idPerecederos, idNoPerecederos, idDetalleCompra, idCompra) values (10000023, 10001098, 'C1032', 'C1061');
    insert into DetalleProductosCompras (idPerecederos, idNoPerecederos, idDetalleCompra, idCompra) values (10000031, 10001091, 'C1033', 'C1038');
    insert into DetalleProductosCompras (idPerecederos, idNoPerecederos, idDetalleCompra, idCompra) values (10000033, 10001069, 'C1034', 'C1004');
    insert into DetalleProductosCompras (idPerecederos, idNoPerecederos, idDetalleCompra, idCompra) values (10000090, 10001031, 'C1035', 'C1062');
    insert into DetalleProductosCompras (idPerecederos, idNoPerecederos, idDetalleCompra, idCompra) values (10000094, 10001067, 'C1036', 'C1017');
    insert into DetalleProductosCompras (idPerecederos, idNoPerecederos, idDetalleCompra, idCompra) values (10000059, 10001034, 'C1037', 'C1086');
    insert into DetalleProductosCompras (idPerecederos, idNoPerecederos, idDetalleCompra, idCompra) values (10000033, 10001070, 'C1038', 'C1048');
    insert into DetalleProductosCompras (idPerecederos, idNoPerecederos, idDetalleCompra, idCompra) values (10000075, 10001083, 'C1039', 'C1028');
    insert into DetalleProductosCompras (idPerecederos, idNoPerecederos, idDetalleCompra, idCompra) values (10000099, 10001099, 'C1040', 'C1095');
    insert into DetalleProductosCompras (idPerecederos, idNoPerecederos, idDetalleCompra, idCompra) values (10000094, 10001001, 'C1041', 'C1065');
    insert into DetalleProductosCompras (idPerecederos, idNoPerecederos, idDetalleCompra, idCompra) values (10000063, 10001053, 'C1042', 'C1005');
    insert into DetalleProductosCompras (idPerecederos, idNoPerecederos, idDetalleCompra, idCompra) values (10000001, 10001037, 'C1043', 'C1098');
    insert into DetalleProductosCompras (idPerecederos, idNoPerecederos, idDetalleCompra, idCompra) values (10000001, 10001061, 'C1044', 'C1042');
    insert into DetalleProductosCompras (idPerecederos, idNoPerecederos, idDetalleCompra, idCompra) values (10000029, 10001010, 'C1045', 'C1040');
    insert into DetalleProductosCompras (idPerecederos, idNoPerecederos, idDetalleCompra, idCompra) values (10000031, 10001010, 'C1046', 'C1000');
    insert into DetalleProductosCompras (idPerecederos, idNoPerecederos, idDetalleCompra, idCompra) values (10000004, 10001051, 'C1047', 'C1052');
    insert into DetalleProductosCompras (idPerecederos, idNoPerecederos, idDetalleCompra, idCompra) values (10000002, 10001060, 'C1048', 'C1040');
    insert into DetalleProductosCompras (idPerecederos, idNoPerecederos, idDetalleCompra, idCompra) values (10000049, 10001010, 'C1049', 'C1088');
    insert into DetalleProductosCompras (idPerecederos, idNoPerecederos, idDetalleCompra, idCompra) values (10000046, 10001002, 'C1050', 'C1052');
    insert into DetalleProductosCompras (idPerecederos, idNoPerecederos, idDetalleCompra, idCompra) values (10000098, 10001051, 'C1051', 'C1047');
    insert into DetalleProductosCompras (idPerecederos, idNoPerecederos, idDetalleCompra, idCompra) values (10000007, 10001065, 'C1052', 'C1049');
    insert into DetalleProductosCompras (idPerecederos, idNoPerecederos, idDetalleCompra, idCompra) values (10000075, 10001009, 'C1053', 'C1072');
    insert into DetalleProductosCompras (idPerecederos, idNoPerecederos, idDetalleCompra, idCompra) values (10000021, 10001005, 'C1054', 'C1046');
    insert into DetalleProductosCompras (idPerecederos, idNoPerecederos, idDetalleCompra, idCompra) values (10000010, 10001092, 'C1055', 'C1095');
    insert into DetalleProductosCompras (idPerecederos, idNoPerecederos, idDetalleCompra, idCompra) values (10000043, 10001083, 'C1056', 'C1056');
    insert into DetalleProductosCompras (idPerecederos, idNoPerecederos, idDetalleCompra, idCompra) values (10000016, 10001081, 'C1057', 'C1019');
    insert into DetalleProductosCompras (idPerecederos, idNoPerecederos, idDetalleCompra, idCompra) values (10000084, 10001056, 'C1058', 'C1071');
    insert into DetalleProductosCompras (idPerecederos, idNoPerecederos, idDetalleCompra, idCompra) values (10000070, 10001061, 'C1059', 'C1099');
    insert into DetalleProductosCompras (idPerecederos, idNoPerecederos, idDetalleCompra, idCompra) values (10000052, 10001021, 'C1060', 'C1059');
    insert into DetalleProductosCompras (idPerecederos, idNoPerecederos, idDetalleCompra, idCompra) values (10000052, 10001071, 'C1061', 'C1039');
    insert into DetalleProductosCompras (idPerecederos, idNoPerecederos, idDetalleCompra, idCompra) values (10000099, 10001036, 'C1062', 'C1002');
    insert into DetalleProductosCompras (idPerecederos, idNoPerecederos, idDetalleCompra, idCompra) values (10000057, 10001071, 'C1063', 'C1003');
    insert into DetalleProductosCompras (idPerecederos, idNoPerecederos, idDetalleCompra, idCompra) values (10000023, 10001081, 'C1064', 'C1013');
    insert into DetalleProductosCompras (idPerecederos, idNoPerecederos, idDetalleCompra, idCompra) values (10000008, 10001037, 'C1065', 'C1053');
    insert into DetalleProductosCompras (idPerecederos, idNoPerecederos, idDetalleCompra, idCompra) values (10000050, 10001056, 'C1066', 'C1079');
    insert into DetalleProductosCompras (idPerecederos, idNoPerecederos, idDetalleCompra, idCompra) values (10000023, 10001001, 'C1067', 'C1020');
    insert into DetalleProductosCompras (idPerecederos, idNoPerecederos, idDetalleCompra, idCompra) values (10000035, 10001009, 'C1068', 'C1047');
    insert into DetalleProductosCompras (idPerecederos, idNoPerecederos, idDetalleCompra, idCompra) values (10000028, 10001053, 'C1069', 'C1030');
    insert into DetalleProductosCompras (idPerecederos, idNoPerecederos, idDetalleCompra, idCompra) values (10000070, 10001043, 'C1070', 'C1090');
    insert into DetalleProductosCompras (idPerecederos, idNoPerecederos, idDetalleCompra, idCompra) values (10000040, 10001056, 'C1071', 'C1026');
    insert into DetalleProductosCompras (idPerecederos, idNoPerecederos, idDetalleCompra, idCompra) values (10000003, 10001079, 'C1072', 'C1081');
    insert into DetalleProductosCompras (idPerecederos, idNoPerecederos, idDetalleCompra, idCompra) values (10000044, 10001041, 'C1073', 'C1077');
    insert into DetalleProductosCompras (idPerecederos, idNoPerecederos, idDetalleCompra, idCompra) values (10000083, 10001022, 'C1074', 'C1077');
    insert into DetalleProductosCompras (idPerecederos, idNoPerecederos, idDetalleCompra, idCompra) values (10000084, 10001028, 'C1075', 'C1080');
    insert into DetalleProductosCompras (idPerecederos, idNoPerecederos, idDetalleCompra, idCompra) values (10000076, 10001087, 'C1076', 'C1019');
    insert into DetalleProductosCompras (idPerecederos, idNoPerecederos, idDetalleCompra, idCompra) values (10000065, 10001020, 'C1077', 'C1063');
    insert into DetalleProductosCompras (idPerecederos, idNoPerecederos, idDetalleCompra, idCompra) values (10000070, 10001086, 'C1078', 'C1027');
    insert into DetalleProductosCompras (idPerecederos, idNoPerecederos, idDetalleCompra, idCompra) values (10000071, 10001047, 'C1079', 'C1038');
    insert into DetalleProductosCompras (idPerecederos, idNoPerecederos, idDetalleCompra, idCompra) values (10000010, 10001088, 'C1080', 'C1089');
    insert into DetalleProductosCompras (idPerecederos, idNoPerecederos, idDetalleCompra, idCompra) values (10000056, 10001063, 'C1081', 'C1070');
    insert into DetalleProductosCompras (idPerecederos, idNoPerecederos, idDetalleCompra, idCompra) values (10000060, 10001060, 'C1082', 'C1038');
    insert into DetalleProductosCompras (idPerecederos, idNoPerecederos, idDetalleCompra, idCompra) values (10000030, 10001004, 'C1083', 'C1051');
    insert into DetalleProductosCompras (idPerecederos, idNoPerecederos, idDetalleCompra, idCompra) values (10000043, 10001030, 'C1084', 'C1059');
    insert into DetalleProductosCompras (idPerecederos, idNoPerecederos, idDetalleCompra, idCompra) values (10000004, 10001062, 'C1085', 'C1065');
    insert into DetalleProductosCompras (idPerecederos, idNoPerecederos, idDetalleCompra, idCompra) values (10000044, 10001086, 'C1086', 'C1054');
    insert into DetalleProductosCompras (idPerecederos, idNoPerecederos, idDetalleCompra, idCompra) values (10000047, 10001012, 'C1087', 'C1077');
    insert into DetalleProductosCompras (idPerecederos, idNoPerecederos, idDetalleCompra, idCompra) values (10000058, 10001088, 'C1088', 'C1032');
    insert into DetalleProductosCompras (idPerecederos, idNoPerecederos, idDetalleCompra, idCompra) values (10000092, 10001029, 'C1089', 'C1030');
    insert into DetalleProductosCompras (idPerecederos, idNoPerecederos, idDetalleCompra, idCompra) values (10000070, 10001003, 'C1090', 'C1088');
    insert into DetalleProductosCompras (idPerecederos, idNoPerecederos, idDetalleCompra, idCompra) values (10000022, 10001041, 'C1091', 'C1024');
    insert into DetalleProductosCompras (idPerecederos, idNoPerecederos, idDetalleCompra, idCompra) values (10000082, 10001033, 'C1092', 'C1032');
    insert into DetalleProductosCompras (idPerecederos, idNoPerecederos, idDetalleCompra, idCompra) values (10000095, 10001045, 'C1093', 'C1055');
    insert into DetalleProductosCompras (idPerecederos, idNoPerecederos, idDetalleCompra, idCompra) values (10000038, 10001078, 'C1094', 'C1077');
    insert into DetalleProductosCompras (idPerecederos, idNoPerecederos, idDetalleCompra, idCompra) values (10000090, 10001078, 'C1095', 'C1050');
    insert into DetalleProductosCompras (idPerecederos, idNoPerecederos, idDetalleCompra, idCompra) values (10000055, 10001032, 'C1096', 'C1084');
    insert into DetalleProductosCompras (idPerecederos, idNoPerecederos, idDetalleCompra, idCompra) values (10000081, 10001099, 'C1097', 'C1082');
    insert into DetalleProductosCompras (idPerecederos, idNoPerecederos, idDetalleCompra, idCompra) values (10000056, 10001013, 'C1098', 'C1046');
    insert into DetalleProductosCompras (idPerecederos, idNoPerecederos, idDetalleCompra, idCompra) values (10000049, 10001015, 'C1099', 'C1056');
--CICLO DOS
    insert into Ventas (id, idEmpleado, fecha) values ('V1000', '10000134', '13/08/2022');
    insert into Ventas (id, idEmpleado, fecha) values ('V1001', '10000096', '19/10/2022');
    insert into Ventas (id, idEmpleado, fecha) values ('V1002', '10000173', '29/09/2022');
    insert into Ventas (id, idEmpleado, fecha) values ('V1003', '10000071', '21/10/2022');
    insert into Ventas (id, idEmpleado, fecha) values ('V1004', '10000055', '28/03/2023');
    insert into Ventas (id, idEmpleado, fecha) values ('V1005', '10000159', '20/07/2022');
    insert into Ventas (id, idEmpleado, fecha) values ('V1006', '10000164', '26/12/2022');
    insert into Ventas (id, idEmpleado, fecha) values ('V1007', '10000133', '27/04/2023');
    insert into Ventas (id, idEmpleado, fecha) values ('V1008', '10000156', '15/02/2023');
    insert into Ventas (id, idEmpleado, fecha) values ('V1009', '10000172', '13/11/2022');
    insert into Ventas (id, idEmpleado, fecha) values ('V1010', '10000163', '12/07/2022');
    insert into Ventas (id, idEmpleado, fecha) values ('V1011', '10000167', '08/01/2023');
    insert into Ventas (id, idEmpleado, fecha) values ('V1012', '10000151', '23/06/2022');
    insert into Ventas (id, idEmpleado, fecha) values ('V1013', '10000098', '09/08/2022');
    insert into Ventas (id, idEmpleado, fecha) values ('V1014', '10000160', '04/09/2022');
    insert into Ventas (id, idEmpleado, fecha) values ('V1015', '10000176', '05/11/2022');
    insert into Ventas (id, idEmpleado, fecha) values ('V1016', '10000149', '12/05/2023');
    insert into Ventas (id, idEmpleado, fecha) values ('V1017', '10000070', '04/06/2022');
    insert into Ventas (id, idEmpleado, fecha) values ('V1018', '10000167', '02/04/2023');
    insert into Ventas (id, idEmpleado, fecha) values ('V1019', '10000056', '01/10/2022');
    insert into Ventas (id, idEmpleado, fecha) values ('V1020', '10000043', '22/09/2022');
    insert into Ventas (id, idEmpleado, fecha) values ('V1021', '10000159', '18/07/2022');
    insert into Ventas (id, idEmpleado, fecha) values ('V1022', '10000099', '08/08/2022');
    insert into Ventas (id, idEmpleado, fecha) values ('V1023', '10000105', '30/10/2022');
    insert into Ventas (id, idEmpleado, fecha) values ('V1024', '10000077', '29/09/2022');
    insert into Ventas (id, idEmpleado, fecha) values ('V1025', '10000176', '03/12/2022');
    insert into Ventas (id, idEmpleado, fecha) values ('V1026', '10000149', '30/10/2022');
    insert into Ventas (id, idEmpleado, fecha) values ('V1027', '10000132', '23/08/2022');
    insert into Ventas (id, idEmpleado, fecha) values ('V1028', '10000107', '11/08/2022');
    insert into Ventas (id, idEmpleado, fecha) values ('V1029', '10000000', '11/07/2022');
    insert into Ventas (id, idEmpleado, fecha) values ('V1030', '10000189', '19/04/2023');
    insert into Ventas (id, idEmpleado, fecha) values ('V1031', '10000103', '01/02/2023');
    insert into Ventas (id, idEmpleado, fecha) values ('V1032', '10000181', '02/10/2022');
    insert into Ventas (id, idEmpleado, fecha) values ('V1033', '10000191', '07/03/2023');
    insert into Ventas (id, idEmpleado, fecha) values ('V1034', '10000005', '15/05/2023');
    insert into Ventas (id, idEmpleado, fecha) values ('V1035', '10000020', '20/04/2023');
    insert into Ventas (id, idEmpleado, fecha) values ('V1036', '10000118', '29/12/2022');
    insert into Ventas (id, idEmpleado, fecha) values ('V1037', '10000009', '23/11/2022');
    insert into Ventas (id, idEmpleado, fecha) values ('V1038', '10000055', '15/12/2022');
    insert into Ventas (id, idEmpleado, fecha) values ('V1039', '10000034', '26/02/2023');
    insert into Ventas (id, idEmpleado, fecha) values ('V1040', '10000159', '18/11/2022');
    insert into Ventas (id, idEmpleado, fecha) values ('V1041', '10000012', '25/08/2022');
    insert into Ventas (id, idEmpleado, fecha) values ('V1042', '10000165', '16/03/2023');
    insert into Ventas (id, idEmpleado, fecha) values ('V1043', '10000189', '14/10/2022');
    insert into Ventas (id, idEmpleado, fecha) values ('V1044', '10000093', '28/08/2022');
    insert into Ventas (id, idEmpleado, fecha) values ('V1045', '10000093', '10/08/2022');
    insert into Ventas (id, idEmpleado, fecha) values ('V1046', '10000102', '26/12/2019');
    insert into Ventas (id, idEmpleado, fecha) values ('V1047', '10000127', '19/05/2023');
    insert into Ventas (id, idEmpleado, fecha) values ('V1048', '10000096', '13/07/2022');
    insert into Ventas (id, idEmpleado, fecha) values ('V1049', '10000001', '09/04/2023');
    insert into Ventas (id, idEmpleado, fecha) values ('V1050', '10000132', '03/01/2023');
    insert into Ventas (id, idEmpleado, fecha) values ('V1051', '10000157', '14/03/2020');
    insert into Ventas (id, idEmpleado, fecha) values ('V1052', '10000056', '08/02/2023');
    insert into Ventas (id, idEmpleado, fecha) values ('V1053', '10000138', '11/06/2022');
    insert into Ventas (id, idEmpleado, fecha) values ('V1054', '10000140', '18/02/2023');
    insert into Ventas (id, idEmpleado, fecha) values ('V1055', '10000111', '07/05/2023');
    insert into Ventas (id, idEmpleado, fecha) values ('V1056', '10000156', '17/09/2022');
    insert into Ventas (id, idEmpleado, fecha) values ('V1057', '10000094', '24/07/2018');
    insert into Ventas (id, idEmpleado, fecha) values ('V1058', '10000177', '07/11/2022');
    insert into Ventas (id, idEmpleado, fecha) values ('V1059', '10000026', '05/10/2022');
    insert into Ventas (id, idEmpleado, fecha) values ('V1060', '10000165', '31/03/2023');
    insert into Ventas (id, idEmpleado, fecha) values ('V1061', '10000157', '26/03/2023');
    insert into Ventas (id, idEmpleado, fecha) values ('V1062', '10000128', '16/12/2022');
    insert into Ventas (id, idEmpleado, fecha) values ('V1063', '10000000', '30/03/2023');
    insert into Ventas (id, idEmpleado, fecha) values ('V1064', '10000077', '15/10/2022');
    insert into Ventas (id, idEmpleado, fecha) values ('V1065', '10000157', '24/03/2023');
    insert into Ventas (id, idEmpleado, fecha) values ('V1066', '10000053', '15/01/2023');
    insert into Ventas (id, idEmpleado, fecha) values ('V1067', '10000062', '17/03/2023');
    insert into Ventas (id, idEmpleado, fecha) values ('V1068', '10000126', '16/03/2023');
    insert into Ventas (id, idEmpleado, fecha) values ('V1069', '10000009', '10/10/2022');
    insert into Ventas (id, idEmpleado, fecha) values ('V1070', '10000157', '14/06/2022');
    insert into Ventas (id, idEmpleado, fecha) values ('V1071', '10000040', '15/01/2023');
    insert into Ventas (id, idEmpleado, fecha) values ('V1072', '10000081', '02/07/2022');
    insert into Ventas (id, idEmpleado, fecha) values ('V1073', '10000009', '03/02/2023');
    insert into Ventas (id, idEmpleado, fecha) values ('V1074', '10000189', '25/05/2022');
    insert into Ventas (id, idEmpleado, fecha) values ('V1075', '10000177', '26/11/2022');
    insert into Ventas (id, idEmpleado, fecha) values ('V1076', '10000002', '29/07/2022');
    insert into Ventas (id, idEmpleado, fecha) values ('V1077', '10000052', '04/01/2023');
    insert into Ventas (id, idEmpleado, fecha) values ('V1078', '10000133', '03/06/2022');
    insert into Ventas (id, idEmpleado, fecha) values ('V1079', '10000081', '12/10/2022');
    insert into Ventas (id, idEmpleado, fecha) values ('V1080', '10000156', '15/09/2022');
    insert into Ventas (id, idEmpleado, fecha) values ('V1081', '10000020', '25/04/2023');
    insert into Ventas (id, idEmpleado, fecha) values ('V1082', '10000026', '26/09/2022');
    insert into Ventas (id, idEmpleado, fecha) values ('V1083', '10000102', '30/05/2022');
    insert into Ventas (id, idEmpleado, fecha) values ('V1084', '10000149', '07/05/2023');
    insert into Ventas (id, idEmpleado, fecha) values ('V1085', '10000087', '03/03/2023');
    insert into Ventas (id, idEmpleado, fecha) values ('V1086', '10000092', '23/07/2022');
    insert into Ventas (id, idEmpleado, fecha) values ('V1087', '10000088', '08/04/2023');
    insert into Ventas (id, idEmpleado, fecha) values ('V1088', '10000132', '08/07/2022');
    insert into Ventas (id, idEmpleado, fecha) values ('V1089', '10000152', '05/12/2022');
    insert into Ventas (id, idEmpleado, fecha) values ('V1090', '10000078', '06/11/2022');
    insert into Ventas (id, idEmpleado, fecha) values ('V1091', '10000158', '13/05/2023');
    insert into Ventas (id, idEmpleado, fecha) values ('V1092', '10000037', '19/02/2023');
    insert into Ventas (id, idEmpleado, fecha) values ('V1093', '10000181', '23/09/2022');
    insert into Ventas (id, idEmpleado, fecha) values ('V1094', '10000118', '22/03/2023');
    insert into Ventas (id, idEmpleado, fecha) values ('V1095', '10000176', '22/12/2022');
    insert into Ventas (id, idEmpleado, fecha) values ('V1096', '10000093', '07/09/2022');
    insert into Ventas (id, idEmpleado, fecha) values ('V1097', '10000157', '29/01/2023');
    insert into Ventas (id, idEmpleado, fecha) values ('V1098', '10000102', '30/12/2022');
    insert into Ventas (id, idEmpleado, fecha) values ('V1099', '10000099', '22/05/2023');

    insert into DetallesVentas (id, idventa, detalle, cantidad, idPerecederos, idNoPerecederos) values ('V1000', 'V1006', XMLType('<descripcion>
                    <asunto>Venta de productos perecederos</asunto>
                    <texto>Se vendieron varios productos perecederos.</texto>
                    <telefono>3133456756</telefono>
                    <correo>ejemplo@gmail.com</correo>
                    <direccion>Calle Principal, Bogot</direccion>
                 </descripcion>'), 43074, 10000059, 10001028);
    insert into DetallesVentas (id, idventa, detalle, cantidad, idPerecederos, idNoPerecederos) values ('V1001', 'V1072', XMLType('<descripcion>
                    <asunto>Venta de frutas frescas</asunto>
                    <texto>Se vendieron diferentes tipos de frutas frescas.</texto>
                    <telefono>3156789432</telefono>
                    <correo>ventas@frutas.com</correo>
                    <direccion>Av. Principal, Bogot</direccion>
                 </descripcion>') , 82232, 10000066, 10001082);
    insert into DetallesVentas (id, idventa, detalle, cantidad, idPerecederos, idNoPerecederos) values ('V1002', 'V1038', XMLType('<descripcion>
                    <asunto>Venta de productos de limpieza</asunto>
                    <texto>Se vendieron diferentes productos de limpieza para el hogar.</texto>
                    <telefono>3178904567</telefono>
                    <correo>ventas@limpieza.com</correo>
                    <direccion>Calle Secundaria, Bogot</direccion>
                 </descripcion>'), 57042, 10000054, 10001001);
    insert into DetallesVentas (id, idventa, detalle, cantidad, idPerecederos, idNoPerecederos) values ('V1003', 'V1032', XMLType('<descripcion>
                    <asunto>Venta de pescado fresco</asunto>
                    <texto>Se vendieron diferentes tipos de pescado fresco.</texto>
                    <telefono>3123456789</telefono>
                    <correo>ventas@pescados.com</correo>
                    <direccion>Carrera Principal, Bogot</direccion>
                 </descripcion>'), 50831, 10000008, 10001020);
    insert into DetallesVentas (id, idventa, detalle, cantidad, idPerecederos, idNoPerecederos) values ('V1004', 'V1077', XMLType('<descripcion>
                    <asunto>Venta de libros</asunto>
                    <texto>Se vendieron varios libros de diferentes gneros.</texto>
                    <telefono>3187654321</telefono>
                    <correo>ventas@libros.com</correo>
                    <direccion>Plaza Principal, Bogot</direccion>
                 </descripcion>') , 33782, 10000055, 10001005);
    insert into DetallesVentas (id, idventa, detalle, cantidad, idPerecederos, idNoPerecederos) values ('V1005', 'V1072', XMLType('<descripcion>
                    <asunto>Venta de frutas tropicales</asunto>
                    <texto>Se vendieron diversas frutas tropicales frescas.</texto>
                    <telefono>3145678901</telefono>
                    <correo>ventas@frutastropicales.com</correo>
                    <direccion>Av. Central, Bogot</direccion>
                 </descripcion>'), 58240, 10000051, 10001025);
    insert into DetallesVentas (id, idventa, detalle, cantidad, idPerecederos, idNoPerecederos) values ('V1006', 'V1008', XMLType('<descripcion>
                    <asunto>Venta de productos electrnicos</asunto>
                    <texto>Se vendieron diferentes dispositivos electrnicos.</texto>
                    <telefono>3198765432</telefono>
                    <correo>ventas@electronica.com</correo>
                    <direccion>Calle Principal, Bogot</direccion>
                 </descripcion>'), 3905, 10000065, 10001006);
    insert into DetallesVentas (id, idventa, detalle, cantidad, idPerecederos, idNoPerecederos) values ('V1007', 'V1054',  XMLType('<descripcion>
                    <asunto>Venta de carne fresca</asunto>
                    <texto>Se vendieron diferentes tipos de carne fresca.</texto>
                    <telefono>3167890123</telefono>
                    <correo>ventas@carnes.com</correo>
                    <direccion>Carrera Secundaria, Bogot</direccion>
                 </descripcion>'), 1094, 10000091, 10001030);
    insert into DetallesVentas (id, idventa, detalle, cantidad, idPerecederos, idNoPerecederos) values ('V1008', 'V1019', XMLType('<descripcion>
                    <asunto>Venta de artculos de decoracin</asunto>
                    <texto>Se vendieron diferentes artculos decorativos para el hogar.</texto>
                    <telefono>3134567890</telefono>
                    <correo>ventas@decoracion.com</correo>
                    <direccion>Plaza Secundaria, Bogot</direccion>
                 </descripcion>') , 85330, 10000096, 10001083);
    insert into DetallesVentas (id, idventa, detalle, cantidad, idPerecederos, idNoPerecederos) values ('V1009', 'V1088', XMLType('<descripcion>
                    <asunto>Venta de frutas orgnicas</asunto>
                    <texto>Se vendieron frutas orgnicas cultivadas localmente.</texto>
                    <telefono>3178901234</telefono>
                    <correo>ventas@frutasorganicas.com</correo>
                    <direccion>Av. Principal, Bogot</direccion>
                 </descripcion>'), 88050, 10000065, 10001030);
    insert into DetallesVentas (id, idventa, detalle, cantidad, idPerecederos, idNoPerecederos) values ('V1010', 'V1029', XMLType('<descripcion>
                    <asunto>Venta de productos de belleza</asunto>
                    <texto>Se vendieron diferentes productos de belleza y cuidado personal.</texto>
                    <telefono>3156789012</telefono>
                    <correo>ventas@belleza.com</correo>
                    <direccion>Calle Central, Bogot</direccion>
                 </descripcion>'), 68315, 10000039, 10001044);
    insert into DetallesVentas (id, idventa, detalle, cantidad, idPerecederos, idNoPerecederos) values ('V1011', 'V1036', XMLType('<descripcion>
                    <asunto>Venta de pan fresco</asunto>
                    <texto>Se vendieron diferentes tipos de pan fresco recin horneado.</texto>
                    <telefono>3145678902</telefono>
                    <correo>ventas@panaderia.com</correo>
                    <direccion>Carrera Principal, Bogot</direccion>
                 </descripcion>'), 52085, 10000022, 10001023);
    insert into DetallesVentas (id, idventa, detalle, cantidad, idPerecederos, idNoPerecederos) values ('V1012', 'V1088', XMLType('<descripcion>
                    <asunto>Venta de productos de jardinera</asunto>
                    <texto>Se vendieron herramientas y accesorios de jardinera.</texto>
                    <telefono>3187654322</telefono>
                    <correo>ventas@jardineria.com</correo>
                    <direccion>Av. Central, Bogot</direccion>
                 </descripcion>'), 35918, 10000031, 10001088);
    insert into DetallesVentas (id, idventa, detalle, cantidad, idPerecederos, idNoPerecederos) values ('V1013', 'V1040', XMLType('<descripcion>
                    <asunto>Venta de lcteos frescos</asunto>
                    <texto>Se vendieron diferentes productos lcteos frescos.</texto>
                    <telefono>3167890124</telefono>
                    <correo>ventas@lacteos.com</correo>
                    <direccion>Calle Secundaria, Bogot</direccion>
                 </descripcion>'), 63486, 10000097, 10001065);
    insert into DetallesVentas (id, idventa, detalle, cantidad, idPerecederos, idNoPerecederos) values ('V1014', 'V1004', XMLType('<descripcion>
                    <asunto>Venta de artculos de oficina</asunto>
                    <texto>Se vendieron diferentes suministros y mobiliario de oficina.</texto>
                    <telefono>3134567891</telefono>
                    <correo>ventas@oficina.com</correo>
                    <direccion>Plaza Principal, Bogot</direccion>
                 </descripcion>'), 10656, 10000093, 10001027);
    insert into DetallesVentas (id, idventa, detalle, cantidad, idPerecederos, idNoPerecederos) values ('V1015', 'V1034', XMLType('<descripcion>
                    <asunto>Venta de mariscos frescos</asunto>
                    <texto>Se vendieron diferentes tipos de mariscos frescos.</texto>
                    <telefono>3178901235</telefono>
                    <correo>ventas@mariscos.com</correo>
                    <direccion>Av. Principal, Bogot</direccion>
                 </descripcion>'), 35635, 10000091, 10001013);
    insert into DetallesVentas (id, idventa, detalle, cantidad, idPerecederos, idNoPerecederos) values ('V1016', 'V1038', XMLType('<descripcion>
                    <asunto>Venta de productos deportivos</asunto>
                    <texto>Se vendieron diferentes artculos deportivos y equipos.</texto>
                    <telefono>3156789013</telefono>
                    <correo>ventas@deportes.com</correo>
                    <direccion>Calle Central, Bogot</direccion>
                 </descripcion>'), 64485, 10000067, 10001060);
    insert into DetallesVentas (id, idventa, detalle, cantidad, idPerecederos, idNoPerecederos) values ('V1017', 'V1035', XMLType('<descripcion>
                    <asunto>Venta de verduras orgnicas</asunto>
                    <texto>Se vendieron verduras orgnicas frescas de agricultores locales.</texto>
                    <telefono>3145678903</telefono>
                    <correo>ventas@verdurasorganicas.com</correo>
                    <direccion>Carrera Principal, Bogot</direccion>
                 </descripcion>'), 6183, 10000065, 10001078);
    insert into DetallesVentas (id, idventa, detalle, cantidad, idPerecederos, idNoPerecederos) values ('V1018', 'V1014', XMLType('<descripcion>
                    <asunto>Venta de juguetes educativos</asunto>
                    <texto>Se vendieron juguetes educativos para nios de diferentes edades.</texto>
                    <telefono>3187654323</telefono>
                    <correo>ventas@juguetes.com</correo>
                    <direccion>Av. Central, Bogot</direccion>
                 </descripcion>'), 716, 10000037, 10001059);
    insert into DetallesVentas (id, idventa, detalle, cantidad, idPerecederos, idNoPerecederos) values ('V1019', 'V1063', XMLType('<descripcion>
                    <asunto>Venta de productos agrcolas</asunto>
                    <texto>Se vendieron diferentes productos agrcolas frescos y cultivados localmente.</texto>
                    <telefono>3167890125</telefono>
                    <correo>ventas@agricultura.com</correo>
                    <direccion>Calle Secundaria, Bogot</direccion>
                 </descripcion>'), 24744, 10000050, 10001015);
    insert into DetallesVentas (id, idventa, detalle, cantidad, idPerecederos, idNoPerecederos) values ('V1020', 'V1053', XMLType('<descripcion>
                    <asunto>Venta de productos de limpieza</asunto>
                    <texto>Se vendieron productos de limpieza para el hogar y el cuidado personal.</texto>
                    <telefono>3134567892</telefono>
                    <correo>ventas@limpieza.com</correo>
                    <direccion>Plaza Principal, Bogot</direccion>
                 </descripcion>'), 5373, 10000001, 10001028);
    insert into DetallesVentas (id, idventa, detalle, cantidad, idPerecederos, idNoPerecederos) values ('V1021', 'V1095', XMLType('<descripcion>
                    <asunto>Venta de productos lcteos</asunto>
                    <texto>Se vendieron diferentes productos lcteos como leche, queso y yogur.</texto>
                    <telefono>3145678904</telefono>
                    <correo>ventas@lacteos.com</correo>
                    <direccion>Carrera Principal, Bogot</direccion>
                 </descripcion>'), 54791, 10000035, 10001078);
    insert into DetallesVentas (id, idventa, detalle, cantidad, idPerecederos, idNoPerecederos) values ('V1022', 'V1030', XMLType('<descripcion>
                    <asunto>Venta de productos electrnicos</asunto>
                    <texto>Se vendieron diferentes dispositivos electrnicos como telfonos y computadoras.</texto>
                    <telefono>3187654324</telefono>
                    <correo>ventas@electronica.com</correo>
                    <direccion>Av. Central, Bogot</direccion>
                 </descripcion>'), 5462, 10000016, 10001027);
    insert into DetallesVentas (id, idventa, detalle, cantidad, idPerecederos, idNoPerecederos) values ('V1023', 'V1049', XMLType('<descripcion>
                    <asunto>Venta de carnes frescas</asunto>
                    <texto>Se vendieron diferentes tipos de carnes frescas como pollo y res.</texto>
                    <telefono>3167890126</telefono>
                    <correo>ventas@carnes.com</correo>
                    <direccion>Calle Secundaria, Bogot</direccion>
                 </descripcion>'), 73024, 10000031, 10001003);
    insert into DetallesVentas (id, idventa, detalle, cantidad, idPerecederos, idNoPerecederos) values ('V1024', 'V1077', XMLType('<descripcion>
                    <asunto>Venta de libros</asunto>
                    <texto>Se vendieron diferentes libros de diversos gneros y temticas.</texto>
                    <telefono>3134567893</telefono>
                    <correo>ventas@libros.com</correo>
                    <direccion>Plaza Principal, Bogot</direccion>
                 </descripcion>'), 918, 10000031, 10001061);
    insert into DetallesVentas (id, idventa, detalle, cantidad, idPerecederos, idNoPerecederos) values ('V1025', 'V1054', XMLType('<descripcion>
                    <asunto>Venta de frutas tropicales</asunto>
                    <texto>Se vendieron diferentes frutas tropicales frescas y exticas.</texto>
                    <telefono>3178901236</telefono>
                    <correo>ventas@frutastropicales.com</correo>
                    <direccion>Av. Principal, Bogot</direccion>
                 </descripcion>'), 65846, 10000021, 10001015);
    insert into DetallesVentas (id, idventa, detalle, cantidad, idPerecederos, idNoPerecederos) values ('V1026', 'V1037', XMLType('<descripcion>
                    <asunto>Venta de productos de belleza</asunto>
                    <texto>Se vendieron productos de belleza como cosmticos y cuidado de la piel.</texto>
                    <telefono>3156789014</telefono>
                    <correo>ventas@belleza.com</correo>
                    <direccion>Calle Central, Bogot</direccion>
                 </descripcion>'), 41407, 10000037, 10001058);
    insert into DetallesVentas (id, idventa, detalle, cantidad, idPerecederos, idNoPerecederos) values ('V1027', 'V1016', XMLType('<descripcion>
                    <asunto>Venta de pan artesanal</asunto>
                    <texto>Se vendieron diferentes tipos de pan artesanal recin horneado.</texto>
                    <telefono>3145678905</telefono>
                    <correo>ventas@panaderia.com</correo>
                    <direccion>Carrera Principal, Bogot</direccion>
                 </descripcion>'), 47055, 10000027, 10001073);
    insert into DetallesVentas (id, idventa, detalle, cantidad, idPerecederos, idNoPerecederos) values ('V1028', 'V1055', XMLType('<descripcion>
                    <asunto>Venta de instrumentos musicales</asunto>
                    <texto>Se vendieron diferentes instrumentos musicales como guitarras y pianos.</texto>
                    <telefono>3187654325</telefono>
                    <correo>ventas@musica.com</correo>
                    <direccion>Av. Central, Bogot</direccion>
                 </descripcion>'), 95424, 10000078, 10001099);
    insert into DetallesVentas (id, idventa, detalle, cantidad, idPerecederos, idNoPerecederos) values ('V1029', 'V1092', XMLType('<descripcion>
                    <asunto>Venta de productos orgnicos</asunto>
                    <texto>Se vendieron diferentes productos orgnicos cultivados de forma sostenible.</texto>
                    <telefono>3167890127</telefono>
                    <correo>ventas@organicos.com</correo>
                    <direccion>Calle Secundaria, Bogot</direccion>
                 </descripcion>'), 91524, 10000026, 10001027);
    insert into DetallesVentas (id, idventa, detalle, cantidad, idPerecederos, idNoPerecederos) values ('V1030', 'V1084', XMLType('<descripcion>
                    <asunto>Venta de accesorios de moda</asunto>
                    <texto>Se vendieron diferentes accesorios de moda como joyas y bolsos.</texto>
                    <telefono>3134567894</telefono>
                    <correo>ventas@moda.com</correo>
                    <direccion>Plaza Principal, Bogot</direccion>
                 </descripcion>'), 57416, 10000011, 10001059);
    insert into DetallesVentas (id, idventa, detalle, cantidad, idPerecederos, idNoPerecederos) values ('V1031', 'V1040', XMLType('<descripcion>
                    <asunto>Venta de mariscos congelados</asunto>
                    <texto>Se vendieron diferentes tipos de mariscos congelados de alta calidad.</texto>
                    <telefono>3178901237</telefono>
                    <correo>ventas@mariscos.com</correo>
                    <direccion>Av. Principal, Bogot</direccion>
                 </descripcion>'), 96411, 10000080, 10001075);
    insert into DetallesVentas (id, idventa, detalle, cantidad, idPerecederos, idNoPerecederos) values ('V1032', 'V1030', XMLType('<descripcion>
                    <asunto>Venta de productos deportivos</asunto>
                    <texto>Se vendieron diferentes artculos deportivos y equipos.</texto>
                    <telefono>3156789015</telefono>
                    <correo>ventas@deportes.com</correo>
                    <direccion>Calle Central, Bogot</direccion>
                 </descripcion>'), 87373, 10000044, 10001053);
    insert into DetallesVentas (id, idventa, detalle, cantidad, idPerecederos, idNoPerecederos) values ('V1033', 'V1071', XMLType('<descripcion>
                    <asunto>Venta de verduras orgnicas</asunto>
                    <texto>Se vendieron verduras orgnicas frescas de agricultores locales.</texto>
                    <telefono>3145678906</telefono>
                    <correo>ventas@verdurasorganicas.com</correo>
                    <direccion>Carrera Principal, Bogot</direccion>
                 </descripcion>'), 79988, 10000018, 10001002);
    insert into DetallesVentas (id, idventa, detalle, cantidad, idPerecederos, idNoPerecederos) values ('V1034', 'V1084', XMLType('<descripcion>
                    <asunto>Venta de productos gourmet</asunto>
                    <texto>Se vendieron productos gourmet de alta calidad y sabores exclusivos.</texto>
                    <telefono>3167890128</telefono>
                    <correo>ventas@gourmet.com</correo>
                    <direccion>Calle Secundaria, Bogot</direccion>
                 </descripcion>'), 31632, 10000032, 10001087);
    insert into DetallesVentas (id, idventa, detalle, cantidad, idPerecederos, idNoPerecederos) values ('V1035', 'V1069', XMLType('<descripcion>
                    <asunto>Venta de ropa de moda</asunto>
                    <texto>Se vendieron prendas de vestir de moda para hombres y mujeres.</texto>
                    <telefono>3134567895</telefono>
                    <correo>ventas@ropamoda.com</correo>
                    <direccion>Plaza Principal, Bogot</direccion>
                 </descripcion>'), 23943, 10000097, 10001069);
    insert into DetallesVentas (id, idventa, detalle, cantidad, idPerecederos, idNoPerecederos) values ('V1036', 'V1000', XMLType('<descripcion>
                    <asunto>Venta de productos gourmet</asunto>
                    <texto>Se vendieron productos gourmet de alta calidad y sabores exclusivos.</texto>
                    <telefono>3178901238</telefono>
                    <correo>ventas@gourmet.com</correo>
                    <direccion>Av. Principal, Bogot</direccion>
                 </descripcion>'), 47626, 10000065, 10001069);
    insert into DetallesVentas (id, idventa, detalle, cantidad, idPerecederos, idNoPerecederos) values ('V1037', 'V1096', XMLType('<descripcion>
                    <asunto>Venta de productos para mascotas</asunto>
                    <texto>Se vendieron productos para el cuidado y alimentacin de mascotas.</texto>
                    <telefono>3156789016</telefono>
                    <correo>ventas@mascotas.com</correo>
                    <direccion>Calle Central, Bogot</direccion>
                 </descripcion>'), 29009, 10000057, 10001098);
    insert into DetallesVentas (id, idventa, detalle, cantidad, idPerecederos, idNoPerecederos) values ('V1038', 'V1071', XMLType('<descripcion>
                    <asunto>Venta de frutas y verduras frescas</asunto>
                    <texto>Se vendieron diferentes frutas y verduras frescas de temporada.</texto>
                    <telefono>3145678907</telefono>
                    <correo>ventas@frutasverduras.com</correo>
                    <direccion>Carrera Principal, Bogot</direccion>
                 </descripcion>'), 37467, 10000052, 10001079);
    insert into DetallesVentas (id, idventa, detalle, cantidad, idPerecederos, idNoPerecederos) values ('V1039', 'V1055', XMLType('<descripcion>
                    <asunto>Venta de productos de tecnologa</asunto>
                    <texto>Se vendieron productos de tecnologa como dispositivos mviles y accesorios.</texto>
                    <telefono>3187654327</telefono>
                    <correo>ventas@tecnologia.com</correo>
                    <direccion>Av. Central, Bogot</direccion>
                 </descripcion>'), 79813, 10000044, 10001031);
    insert into DetallesVentas (id, idventa, detalle, cantidad, idPerecederos, idNoPerecederos) values ('V1040', 'V1025', null, 71265, 10000010, 10001095);
    insert into DetallesVentas (id, idventa, detalle, cantidad, idPerecederos, idNoPerecederos) values ('V1041', 'V1021', null, 70338, 10000056, 10001093);
    insert into DetallesVentas (id, idventa, detalle, cantidad, idPerecederos, idNoPerecederos) values ('V1042', 'V1016', null, 92782, 10000052, 10001034);
    insert into DetallesVentas (id, idventa, detalle, cantidad, idPerecederos, idNoPerecederos) values ('V1043', 'V1099', null, 61596, 10000059, 10001009);
    insert into DetallesVentas (id, idventa, detalle, cantidad, idPerecederos, idNoPerecederos) values ('V1044', 'V1006', XMLType('<descripcion>
                    <asunto>Venta de pescados frescos</asunto>
                    <texto>Se vendieron diferentes tipos de pescados frescos del mar.</texto>
                    <telefono>3167890129</telefono>
                    <correo>ventas@pescados.com</correo>
                    <direccion>Calle Secundaria, Bogot</direccion>
                 </descripcion>'), 93303, 10000065, 10001028);
    insert into DetallesVentas (id, idventa, detalle, cantidad, idPerecederos, idNoPerecederos) values ('V1045', 'V1042', XMLType('<descripcion>
                    <asunto>Venta de libros de aventuras</asunto>
                    <texto>Se vendieron libros de aventuras para todas las edades.</texto>
                    <telefono>3134567896</telefono>
                    <correo>ventas@libros.com</correo>
                    <direccion>Plaza Principal, Bogot</direccion>
                 </descripcion>'), 13568, 10000092, 10001068);
    insert into DetallesVentas (id, idventa, detalle, cantidad, idPerecederos, idNoPerecederos) values ('V1046', 'V1008', XMLType('<descripcion>
                    <asunto>Venta de carnes gourmet</asunto>
                    <texto>Se vendieron diferentes tipos de carnes gourmet de alta calidad.</texto>
                    <telefono>3178901239</telefono>
                    <correo>ventas@carnesgourmet.com</correo>
                    <direccion>Av. Principal, Bogot</direccion>
                 </descripcion>'), 15099, 10000047, 10001039);
    insert into DetallesVentas (id, idventa, detalle, cantidad, idPerecederos, idNoPerecederos) values ('V1047', 'V1003', XMLType('<descripcion>
                    <asunto>Venta de juegos de mesa</asunto>
                    <texto>Se vendieron juegos de mesa para toda la familia.</texto>
                    <telefono>3156789017</telefono>
                    <correo>ventas@juegosdemesa.com</correo>
                    <direccion>Calle Central, Bogot</direccion>
                 </descripcion>'), 65922, 10000061, 10001052);
    insert into DetallesVentas (id, idventa, detalle, cantidad, idPerecederos, idNoPerecederos) values ('V1048', 'V1084', XMLType('<descripcion>
                    <asunto>Venta de frutas exticas</asunto>
                    <texto>Se vendieron frutas exticas importadas de diferentes pases.</texto>
                    <telefono>3145678908</telefono>
                    <correo>ventas@frutasexoticas.com</correo>
                    <direccion>Carrera Principal, Bogot</direccion>
                 </descripcion>'), 77981, 10000010, 10001037);
    insert into DetallesVentas (id, idventa, detalle, cantidad, idPerecederos, idNoPerecederos) values ('V1049', 'V1048', XMLType('<descripcion>
                    <asunto>Venta de artculos de cocina</asunto>
                    <texto>Se vendieron artculos de cocina y utensilios para el hogar.</texto>
                    <telefono>3187654328</telefono>
                    <correo>ventas@cocina.com</correo>
                    <direccion>Av. Central, Bogot</direccion>
                 </descripcion>'), 78238, 10000048, 10001007);
    insert into DetallesVentas (id, idventa, detalle, cantidad, idPerecederos, idNoPerecederos) values ('V1050', 'V1059', XMLType('<descripcion>
                    <asunto>Venta de productos lcteos</asunto>
                    <texto>Se vendieron productos lcteos frescos y de granja.</texto>
                    <telefono>3134567897</telefono>
                    <correo>ventas@lacteos.com</correo>
                    <direccion>Plaza Principal, Bogot</direccion>
                 </descripcion>'), 25190, 10000063, 10001014);
    insert into DetallesVentas (id, idventa, detalle, cantidad, idPerecederos, idNoPerecederos) values ('V1051', 'V1050', XMLType('<descripcion>
                    <asunto>Venta de artculos de papelera</asunto>
                    <texto>Se vendieron artculos de papelera para estudiantes y oficinas.</texto>
                    <telefono>3178901240</telefono>
                    <correo>ventas@papeleria.com</correo>
                    <direccion>Av. Principal, Bogot</direccion>
                 </descripcion>'), 55066, 10000031, 10001070);
    insert into DetallesVentas (id, idventa, detalle, cantidad, idPerecederos, idNoPerecederos) values ('V1052', 'V1013', XMLType('<descripcion>
                    <asunto>Venta de productos orgnicos</asunto>
                    <texto>Se vendieron productos orgnicos certificados y de agricultura sostenible.</texto>
                    <telefono>3156789018</telefono>
                    <correo>ventas@organicos.com</correo>
                    <direccion>Calle Central, Bogot</direccion>
                 </descripcion>'), 75483, 10000080, 10001006);
    insert into DetallesVentas (id, idventa, detalle, cantidad, idPerecederos, idNoPerecederos) values ('V1053', 'V1094', XMLType('<descripcion>
                    <asunto>Venta de productos de belleza</asunto>
                    <texto>Se vendieron productos de belleza y cuidado personal.</texto>
                    <telefono>3145678909</telefono>
                    <correo>ventas@belleza.com</correo>
                    <direccion>Carrera Principal, Bogot</direccion>
                 </descripcion>'), 75289, 10000068, 10001011);
    insert into DetallesVentas (id, idventa, detalle, cantidad, idPerecederos, idNoPerecederos) values ('V1054', 'V1082', XMLType('<descripcion>
                    <asunto>Venta de vinos y licores</asunto>
                    <texto>Se vendieron vinos y licores de diferentes marcas y aejos.</texto>
                    <telefono>3167890130</telefono>
                    <correo>ventas@vinosylicores.com</correo>
                    <direccion>Calle Secundaria, Bogot</direccion>
                 </descripcion>'), 35975, 10000063, 10001027);
    insert into DetallesVentas (id, idventa, detalle, cantidad, idPerecederos, idNoPerecederos) values ('V1055', 'V1087', XMLType('<descripcion>
                    <asunto>Venta de juguetes educativos</asunto>
                    <texto>Se vendieron juguetes educativos para el aprendizaje de nios.</texto>
                    <telefono>3134567898</telefono>
                    <correo>ventas@jugueteseducativos.com</correo>
                    <direccion>Plaza Principal, Bogot</direccion>
                 </descripcion>'), 91292, 10000007, 10001099);
    insert into DetallesVentas (id, idventa, detalle, cantidad, idPerecederos, idNoPerecederos) values ('V1056', 'V1061', null, 49789, 10000004, 10001019);
    insert into DetallesVentas (id, idventa, detalle, cantidad, idPerecederos, idNoPerecederos) values ('V1057', 'V1024', null, 9898, 10000021, 10001019);
    insert into DetallesVentas (id, idventa, detalle, cantidad, idPerecederos, idNoPerecederos) values ('V1058', 'V1044', null, 89148, 10000095, 10001065);
    insert into DetallesVentas (id, idventa, detalle, cantidad, idPerecederos, idNoPerecederos) values ('V1059', 'V1007', XMLType('<descripcion>
                    <asunto>Venta de productos del mar</asunto>
                    <texto>Se vendieron productos del mar frescos como camarones y langostas.</texto>
                    <telefono>3178901241</telefono>
                    <correo>ventas@productosdelmar.com</correo>
                    <direccion>Av. Principal, Bogot</direccion>
                 </descripcion>'), 40766, 10000012, 10001078);
    insert into DetallesVentas (id, idventa, detalle, cantidad, idPerecederos, idNoPerecederos) values ('V1060', 'V1029', XMLType('<descripcion>
                    <asunto>Venta de productos deportivos</asunto>
                    <texto>Se vendieron productos deportivos como balones, raquetas y accesorios.</texto>
                    <telefono>3156789019</telefono>
                    <correo>ventas@deportes.com</correo>
                    <direccion>Calle Central, Bogot</direccion>
                 </descripcion>'), 34739, 10000030, 10001009);
    insert into DetallesVentas (id, idventa, detalle, cantidad, idPerecederos, idNoPerecederos) values ('V1061', 'V1028', XMLType('<descripcion>
                    <asunto>Venta de productos gourmet</asunto>
                    <texto>Se vendieron productos gourmet exclusivos y de alta calidad.</texto>
                    <telefono>3145678910</telefono>
                    <correo>ventas@gourmet.com</correo>
                    <direccion>Carrera Principal, Bogot</direccion>
                 </descripcion>'), 43410, 10000020, 10001011);
    insert into DetallesVentas (id, idventa, detalle, cantidad, idPerecederos, idNoPerecederos) values ('V1062', 'V1025', XMLType('<descripcion>
                    <asunto>Venta de productos de limpieza</asunto>
                    <texto>Se vendieron productos de limpieza para el hogar y la industria.</texto>
                    <telefono>3187654329</telefono>
                    <correo>ventas@limpieza.com</correo>
                    <direccion>Av. Central, Bogot</direccion>
                 </descripcion>'), 67319, 10000025, 10001039);
    insert into DetallesVentas (id, idventa, detalle, cantidad, idPerecederos, idNoPerecederos) values ('V1063', 'V1053', XMLType('<descripcion>
                    <asunto>Venta de productos orgnicos</asunto>
                    <texto>Se vendieron productos orgnicos frescos y certificados.</texto>
                    <telefono>3134567899</telefono>
                    <correo>ventas@organicos.com</correo>
                    <direccion>Plaza Principal, Bogot</direccion>
                 </descripcion>'), 35815, 10000003, 10001001);
    insert into DetallesVentas (id, idventa, detalle, cantidad, idPerecederos, idNoPerecederos) values ('V1064', 'V1059', XMLType('<descripcion>
                    <asunto>Venta de instrumentos musicales</asunto>
                    <texto>Se vendieron instrumentos musicales de diferentes tipos.</texto>
                    <telefono>3178901242</telefono>
                    <correo>ventas@musicales.com</correo>
                    <direccion>Av. Principal, Bogot</direccion>
                 </descripcion>'), 10088, 10000014, 10001012);
    insert into DetallesVentas (id, idventa, detalle, cantidad, idPerecederos, idNoPerecederos) values ('V1065', 'V1011', XMLType('<descripcion>
                    <asunto>Venta de productos del campo</asunto>
                    <texto>Se vendieron productos frescos directamente del campo.</texto>
                    <telefono>3156789020</telefono>
                    <correo>ventas@campo.com</correo>
                    <direccion>Calle Central, Bogot</direccion>
                 </descripcion>'), 68986, 10000007, 10001079);
    insert into DetallesVentas (id, idventa, detalle, cantidad, idPerecederos, idNoPerecederos) values ('V1066', 'V1042', XMLType('<descripcion>
                    <asunto>Venta de accesorios electrnicos</asunto>
                    <texto>Se vendieron accesorios electrnicos para dispositivos mviles y computadoras.</texto>
                    <telefono>3145678911</telefono>
                    <correo>ventas@electronicos.com</correo>
                    <direccion>Carrera Principal, Bogot</direccion>
                 </descripcion>'), 12183, 10000049, 10001024);
    insert into DetallesVentas (id, idventa, detalle, cantidad, idPerecederos, idNoPerecederos) values ('V1067', 'V1094', XMLType('<descripcion>
                    <asunto>Venta de productos electrnicos</asunto>
                    <texto>Se vendieron productos electrnicos de ltima generacin.</texto>
                    <telefono>3145678912</telefono>
                    <telefono>3187654330</telefono>
                    <correo>ventas@electronica.com</correo>
                    <direccion>Av. Central, Bogot</direccion>
                 </descripcion>'), 20337, 10000014, 10001071);
    insert into DetallesVentas (id, idventa, detalle, cantidad, idPerecederos, idNoPerecederos) values ('V1068', 'V1014', XMLType('<descripcion>
                    <asunto>Venta de productos gourmet</asunto>
                    <texto>Se vendieron productos gourmet exclusivos y de alta calidad.</texto>
                    <telefono>3167890131</telefono>
                    <telefono>3134567900</telefono>
                    <correo>ventas@gourmet.com</correo>
                    <direccion>Calle Principal, Bogot</direccion>
                 </descripcion>'), 24529, 10000028, 10001024);
    insert into DetallesVentas (id, idventa, detalle, cantidad, idPerecederos, idNoPerecederos) values ('V1069', 'V1066', XMLType('<descripcion>
                    <asunto>Venta de productos deportivos</asunto>
                    <texto>Se vendieron productos deportivos como balones, raquetas y accesorios.</texto>
                    <telefono>3156789021</telefono>
                    <telefono>3187654331</telefono>
                    <correo>ventas@deportes.com</correo>
                    <direccion>Plaza Principal, Bogot</direccion>
                 </descripcion>'), 93317, 10000011, 10001010);
    insert into DetallesVentas (id, idventa, detalle, cantidad, idPerecederos, idNoPerecederos) values ('V1070', 'V1090', XMLType('<descripcion>
                    <asunto>Venta de productos del mar</asunto>
                    <texto>Se vendieron productos del mar frescos como camarones y langostas.</texto>
                    <telefono>3178901243</telefono>
                    <telefono>3134567901</telefono>
                    <correo>ventas@productosdelmar.com</correo>
                    <direccion>Av. Principal, Bogot</direccion>
                 </descripcion>'), 22045, 10000027, 10001026);
    insert into DetallesVentas (id, idventa, detalle, cantidad, idPerecederos, idNoPerecederos) values ('V1071', 'V1031', XMLType('<descripcion>
                    <asunto>Venta de juguetes educativos</asunto>
                    <texto>Se vendieron juguetes educativos para el aprendizaje de nios.</texto>
                    <telefono>3145678913</telefono>
                    <telefono>3167890132</telefono>
                    <correo>ventas@jugueteseducativos.com</correo>
                    <direccion>Carrera Principal, Bogot</direccion>
                 </descripcion>'), 34818, 10000082, 10001058);
    insert into DetallesVentas (id, idventa, detalle, cantidad, idPerecederos, idNoPerecederos) values ('V1072', 'V1033', XMLType('<descripcion>
                    <asunto>Venta de productos orgnicos</asunto>
                    <texto>Se vendieron productos orgnicos frescos y certificados.</texto>
                    <telefono>3156789022</telefono>
                    <telefono>3187654332</telefono>
                    <correo>ventas@organicos.com</correo>
                    <direccion>Calle Secundaria, Bogot</direccion>
                 </descripcion>'), 94685, 10000078, 10001052);
    insert into DetallesVentas (id, idventa, detalle, cantidad, idPerecederos, idNoPerecederos) values ('V1073', 'V1048', XMLType('<descripcion>
                    <asunto>Venta de instrumentos musicales</asunto>
                    <texto>Se vendieron instrumentos musicales de diferentes tipos.</texto>
                    <telefono>3178901244</telefono>
                    <telefono>3134567902</telefono>
                    <correo>ventas@musicales.com</correo>
                    <direccion>Plaza Principal, Bogot</direccion>
                 </descripcion>'), 90720, 10000004, 10001068);
    insert into DetallesVentas (id, idventa, detalle, cantidad, idPerecederos, idNoPerecederos) values ('V1074', 'V1060', XMLType('<descripcion>
                    <asunto>Venta de productos del campo</asunto>
                    <texto>Se vendieron productos frescos directamente del campo.</texto>
                    <telefono>3145678914</telefono>
                    <telefono>3167890133</telefono>
                    <correo>ventas@campo.com</correo>
                    <direccion>Av. Central, Bogot</direccion>
                 </descripcion>'), 85543, 10000067, 10001095);
    insert into DetallesVentas (id, idventa, detalle, cantidad, idPerecederos, idNoPerecederos) values ('V1075', 'V1006', null, 32971, 10000076, 10001016);
    insert into DetallesVentas (id, idventa, detalle, cantidad, idPerecederos, idNoPerecederos) values ('V1076', 'V1055', null, 85085, 10000031, 10001055);
    insert into DetallesVentas (id, idventa, detalle, cantidad, idPerecederos, idNoPerecederos) values ('V1077', 'V1031', null, 21313, 10000093, 10001050);
    insert into DetallesVentas (id, idventa, detalle, cantidad, idPerecederos, idNoPerecederos) values ('V1078', 'V1029', XMLType('<descripcion>
                    <asunto>Venta de accesorios electrnicos</asunto>
                    <texto>Se vendieron accesorios electrnicos para dispositivos mviles y computadoras.</texto>
                    <telefono>3156789023</telefono>
                    <telefono>3187654333</telefono>
                    <correo>ventas@electronicos.com</correo>
                    <direccion>Carrera Principal, Bogot</direccion>
                 </descripcion>'), 13314, 10000008, 10001049);
    insert into DetallesVentas (id, idventa, detalle, cantidad, idPerecederos, idNoPerecederos) values ('V1079', 'V1098', XMLType('<descripcion>
                    <asunto>Venta de productos gourmet</asunto>
                    <texto>Se vendieron productos gourmet exclusivos y de alta calidad.</texto>
                    <telefono>3178901245</telefono>
                    <telefono>3134567903</telefono>
                    <correo>ventas@gourmet.com</correo>
                    <direccion>Calle Principal, Bogot</direccion>
                 </descripcion>'), 19328, 10000075, 10001099);
    insert into DetallesVentas (id, idventa, detalle, cantidad, idPerecederos, idNoPerecederos) values ('V1080', 'V1037', XMLType('<descripcion>
                    <asunto>Venta de productos deportivos</asunto>
                    <texto>Se vendieron productos deportivos como balones, raquetas y accesorios.</texto>
                    <telefono>3145678915</telefono>
                    <telefono>3167890134</telefono>
                    <correo>ventas@deportes.com</correo>
                    <direccion>Plaza Principal, Bogot</direccion>
                 </descripcion>'), 28583, 10000046, 10001047);
    insert into DetallesVentas (id, idventa, detalle, cantidad, idPerecederos, idNoPerecederos) values ('V1081', 'V1061', XMLType('<descripcion>
                    <asunto>Venta de juguetes educativos</asunto>
                    <texto>Se vendieron juguetes educativos para el aprendizaje de nios.</texto>
                    <telefono>3145678916</telefono>
                    <telefono>3167890135</telefono>
                    <correo>ventas@jugueteseducativos.com</correo>
                    <direccion>Carrera Principal, Bogot</direccion>
                 </descripcion>'), 83269, 10000018, 10001075);
    insert into DetallesVentas (id, idventa, detalle, cantidad, idPerecederos, idNoPerecederos) values ('V1082', 'V1027', XMLType('<descripcion>
                    <asunto>Venta de productos orgnicos</asunto>
                    <texto>Se vendieron productos orgnicos frescos y certificados.</texto>
                    <telefono>3156789025</telefono>
                    <telefono>3187654335</telefono>
                    <correo>ventas@organicos.com</correo>
                    <direccion>Calle Secundaria, Bogot</direccion>
                 </descripcion>'), 10055, 10000051, 10001093);
    insert into DetallesVentas (id, idventa, detalle, cantidad, idPerecederos, idNoPerecederos) values ('V1083', 'V1018', XMLType('<descripcion>
                    <asunto>Venta de instrumentos musicales</asunto>
                    <texto>Se vendieron instrumentos musicales de diferentes tipos.</texto>
                    <telefono>3178901246</telefono>
                    <telefono>3134567904</telefono>
                    <correo>ventas@musicales.com</correo>
                    <direccion>Plaza Principal, Bogot</direccion>
                 </descripcion>'), 78933, 10000062, 10001011);
    insert into DetallesVentas (id, idventa, detalle, cantidad, idPerecederos, idNoPerecederos) values ('V1084', 'V1075', null, 72484, 10000006, 10001079);
    insert into DetallesVentas (id, idventa, detalle, cantidad, idPerecederos, idNoPerecederos) values ('V1085', 'V1073', null, 21963, 10000054, 10001084);
    insert into DetallesVentas (id, idventa, detalle, cantidad, idPerecederos, idNoPerecederos) values ('V1086', 'V1067', null, 47542, 10000004, 10001077);
    insert into DetallesVentas (id, idventa, detalle, cantidad, idPerecederos, idNoPerecederos) values ('V1087', 'V1056', XMLType('<descripcion>
                    <asunto>Venta de ropa deportiva</asunto>
                    <texto>Se vendieron prendas de vestir deportivas de alta calidad.</texto>
                    <telefono>3145678917</telefono>
                    <telefono>3167890136</telefono>
                    <correo>ventas@ropadeportiva.com</correo>
                    <direccion>Calle Principal, Bogot</direccion>
                 </descripcion>'), 23698, 10000026, 10001077);
    insert into DetallesVentas (id, idventa, detalle, cantidad, idPerecederos, idNoPerecederos) values ('V1088', 'V1059', XMLType('<descripcion>
                    <asunto>Venta de productos lcteos</asunto>
                    <texto>Se vendieron productos lcteos frescos y de granja.</texto>
                    <telefono>3156789026</telefono>
                    <telefono>3187654336</telefono>
                    <correo>ventas@lacteos.com</correo>
                    <direccion>Av. Central, Bogot</direccion>
                 </descripcion>'), 2250, 10000008, 10001008);
    insert into DetallesVentas (id, idventa, detalle, cantidad, idPerecederos, idNoPerecederos) values ('V1089', 'V1083', XMLType('<descripcion>
                    <asunto>Venta de libros de cocina</asunto>
                    <texto>Se vendieron libros de cocina con recetas y tcnicas culinarias.</texto>
                    <telefono>3145678918</telefono>
                    <telefono>3167890137</telefono>
                    <correo>ventas@librosdecocina.com</correo>
                    <direccion>Plaza Principal, Bogot</direccion>
                 </descripcion>'), 70326, 10000037, 10001080);
    insert into DetallesVentas (id, idventa, detalle, cantidad, idPerecederos, idNoPerecederos) values ('V1090', 'V1037', XMLType('<descripcion>
                    <asunto>Venta de frutas tropicales</asunto>
                    <texto>Se vendieron frutas tropicales frescas y jugosas.</texto>
                    <telefono>3178901247</telefono>
                    <telefono>3134567905</telefono>
                    <correo>ventas@frutastropicales.com</correo>
                    <direccion>Av. Principal, Bogot</direccion>
                 </descripcion>'), 76443, 10000006, 10001003);
    insert into DetallesVentas (id, idventa, detalle, cantidad, idPerecederos, idNoPerecederos) values ('V1091', 'V1087', XMLType('<descripcion>
                    <asunto>Venta de productos electrnicos</asunto>
                    <texto>Se vendieron dispositivos electrnicos y accesorios.</texto>
                    <telefono>3145678919</telefono>
                    <telefono>3167890138</telefono>
                    <correo>ventas@electronicos.com</correo>
                    <direccion>Carrera Principal, Bogot</direccion>
                 </descripcion>'), 64974, 10000098, 10001055);
    insert into DetallesVentas (id, idventa, detalle, cantidad, idPerecederos, idNoPerecederos) values ('V1092', 'V1066', XMLType('<descripcion>
                    <asunto>Venta de mariscos frescos</asunto>
                    <texto>Se vendieron mariscos frescos y deliciosos.</texto>
                    <telefono>3156789027</telefono>
                    <telefono>3187654337</telefono>
                    <correo>ventas@mariscos.com</correo>
                    <direccion>Calle Principal, Bogot</direccion>
                 </descripcion>'), 88934, 10000028, 10001058);
    insert into DetallesVentas (id, idventa, detalle, cantidad, idPerecederos, idNoPerecederos) values ('V1093', 'V1018', XMLType('<descripcion>
                    <asunto>Venta de ropa de moda</asunto>
                    <texto>Se vendieron prendas de vestir de moda para hombres y mujeres.</texto>
                    <telefono>3145678920</telefono>
                    <telefono>3167890139</telefono>
                    <correo>ventas@ropademoda.com</correo>
                    <direccion>Plaza Principal, Bogot</direccion>
                 </descripcion>'), 75623, 10000076, 10001045);
    insert into DetallesVentas (id, idventa, detalle, cantidad, idPerecederos, idNoPerecederos) values ('V1094', 'V1028', XMLType('<descripcion>
                    <asunto>Venta de productos gourmet</asunto>
                    <texto>Se vendieron productos gourmet exclusivos y de alta calidad.</texto>
                    <telefono>3178901248</telefono>
                    <telefono>3134567906</telefono>
                    <correo>ventas@gourmet.com</correo>
                    <direccion>Av. Central, Bogot</direccion>
                 </descripcion>'), 77599, 10000023, 10001087);
    insert into DetallesVentas (id, idventa, detalle, cantidad, idPerecederos, idNoPerecederos) values ('V1095', 'V1034', XMLType('<descripcion>
                    <asunto>Venta de productos deportivos</asunto>
                    <texto>Se vendieron productos deportivos como balones, raquetas y accesorios.</texto>
                    <telefono>3145678921</telefono>
                    <telefono>3167890140</telefono>
                    <correo>ventas@deportes.com</correo>
                    <direccion>Carrera Principal, Bogot</direccion>
                 </descripcion>'), 12140, 10000097, 10001088);
    insert into DetallesVentas (id, idventa, detalle, cantidad, idPerecederos, idNoPerecederos) values ('V1096', 'V1032', XMLType('<descripcion>
                    <asunto>Venta de productos del mar</asunto>
                    <texto>Se vendieron productos del mar frescos como camarones y langostas.</texto>
                    <telefono>3156789028</telefono>
                    <telefono>3187654338</telefono>
                    <correo>ventas@productosdelmar.com</correo>
                    <direccion>Calle Secundaria, Bogot</direccion>
                 </descripcion>'), 57370, 10000049, 10001028);
    insert into DetallesVentas (id, idventa, detalle, cantidad, idPerecederos, idNoPerecederos) values ('V1097', 'V1047', null, 92718, 10000054, 10001078);
    insert into DetallesVentas (id, idventa, detalle, cantidad, idPerecederos, idNoPerecederos) values ('V1098', 'V1045', null, 67288, 10000082, 10001035);
    insert into DetallesVentas (id, idventa, detalle, cantidad, idPerecederos, idNoPerecederos) values ('V1099', 'V1022', null, 20310, 10000095, 10001090);

    insert into Generan (idCliente, idventa) values (10000066, 'V1057');
    insert into Generan (idCliente, idventa) values (10000028, 'V1091');
    insert into Generan (idCliente, idventa) values (10000176, 'V1096');
    insert into Generan (idCliente, idventa) values (10000099, 'V1086');
    insert into Generan (idCliente, idventa) values (10000080, 'V1022');
    insert into Generan (idCliente, idventa) values (10000024, 'V1043');
    insert into Generan (idCliente, idventa) values (10000071, 'V1072');
    insert into Generan (idCliente, idventa) values (10000196, 'V1030');
    insert into Generan (idCliente, idventa) values (10000186, 'V1059');
    insert into Generan (idCliente, idventa) values (10000107, 'V1005');
    insert into Generan (idCliente, idventa) values (10000121, 'V1008');
    insert into Generan (idCliente, idventa) values (10000062, 'V1063');
    insert into Generan (idCliente, idventa) values (10000007, 'V1098');
    insert into Generan (idCliente, idventa) values (10000145, 'V1053');
    insert into Generan (idCliente, idventa) values (10000102, 'V1061');
    insert into Generan (idCliente, idventa) values (10000141, 'V1031');
    insert into Generan (idCliente, idventa) values (10000116, 'V1002');
    insert into Generan (idCliente, idventa) values (10000012, 'V1097');
    insert into Generan (idCliente, idventa) values (10000035, 'V1063');
    insert into Generan (idCliente, idventa) values (10000135, 'V1039');
    insert into Generan (idCliente, idventa) values (10000100, 'V1096');
    insert into Generan (idCliente, idventa) values (10000036, 'V1066');
    insert into Generan (idCliente, idventa) values (10000025, 'V1081');
    insert into Generan (idCliente, idventa) values (10000182, 'V1016');
    insert into Generan (idCliente, idventa) values (10000027, 'V1049');
    insert into Generan (idCliente, idventa) values (10000131, 'V1097');
    insert into Generan (idCliente, idventa) values (10000158, 'V1032');
    insert into Generan (idCliente, idventa) values (10000199, 'V1099');
    insert into Generan (idCliente, idventa) values (10000085, 'V1077');
    insert into Generan (idCliente, idventa) values (10000188, 'V1091');
    insert into Generan (idCliente, idventa) values (10000037, 'V1046');
    insert into Generan (idCliente, idventa) values (10000139, 'V1008');
    insert into Generan (idCliente, idventa) values (10000029, 'V1001');
    insert into Generan (idCliente, idventa) values (10000059, 'V1051');
    insert into Generan (idCliente, idventa) values (10000098, 'V1075');
    insert into Generan (idCliente, idventa) values (10000146, 'V1034');
    insert into Generan (idCliente, idventa) values (10000137, 'V1087');
    insert into Generan (idCliente, idventa) values (10000056, 'V1025');
    insert into Generan (idCliente, idventa) values (10000054, 'V1053');
    insert into Generan (idCliente, idventa) values (10000149, 'V1091');
    insert into Generan (idCliente, idventa) values (10000061, 'V1073');
    insert into Generan (idCliente, idventa) values (10000105, 'V1067');
    insert into Generan (idCliente, idventa) values (10000044, 'V1086');
    insert into Generan (idCliente, idventa) values (10000005, 'V1047');
    insert into Generan (idCliente, idventa) values (10000074, 'V1018');
    insert into Generan (idCliente, idventa) values (10000073, 'V1058');
    insert into Generan (idCliente, idventa) values (10000120, 'V1046');
    insert into Generan (idCliente, idventa) values (10000068, 'V1076');
    insert into Generan (idCliente, idventa) values (10000187, 'V1051');
    insert into Generan (idCliente, idventa) values (10000166, 'V1032');
    insert into Generan (idCliente, idventa) values (10000180, 'V1094');
    insert into Generan (idCliente, idventa) values (10000129, 'V1078');
    insert into Generan (idCliente, idventa) values (10000077, 'V1087');
    insert into Generan (idCliente, idventa) values (10000103, 'V1089');
    insert into Generan (idCliente, idventa) values (10000014, 'V1078');
    insert into Generan (idCliente, idventa) values (10000095, 'V1052');
    insert into Generan (idCliente, idventa) values (10000148, 'V1012');
    insert into Generan (idCliente, idventa) values (10000156, 'V1033');
    insert into Generan (idCliente, idventa) values (10000072, 'V1031');
    insert into Generan (idCliente, idventa) values (10000063, 'V1097');
    insert into Generan (idCliente, idventa) values (10000046, 'V1046');
    insert into Generan (idCliente, idventa) values (10000055, 'V1044');
    insert into Generan (idCliente, idventa) values (10000109, 'V1003');
    insert into Generan (idCliente, idventa) values (10000161, 'V1052');
    insert into Generan (idCliente, idventa) values (10000117, 'V1052');
    insert into Generan (idCliente, idventa) values (10000002, 'V1015');
    insert into Generan (idCliente, idventa) values (10000157, 'V1043');
    insert into Generan (idCliente, idventa) values (10000001, 'V1046');
    insert into Generan (idCliente, idventa) values (10000076, 'V1065');
    insert into Generan (idCliente, idventa) values (10000088, 'V1087');
    insert into Generan (idCliente, idventa) values (10000017, 'V1019');
    insert into Generan (idCliente, idventa) values (10000022, 'V1055');
    insert into Generan (idCliente, idventa) values (10000058, 'V1063');
    insert into Generan (idCliente, idventa) values (10000060, 'V1003');
    insert into Generan (idCliente, idventa) values (10000185, 'V1091');
    insert into Generan (idCliente, idventa) values (10000067, 'V1067');
    insert into Generan (idCliente, idventa) values (10000184, 'V1059');
    insert into Generan (idCliente, idventa) values (10000189, 'V1042');
    insert into Generan (idCliente, idventa) values (10000112, 'V1080');
    insert into Generan (idCliente, idventa) values (10000181, 'V1024');
    insert into Generan (idCliente, idventa) values (10000147, 'V1072');
    insert into Generan (idCliente, idventa) values (10000124, 'V1007');
    insert into Generan (idCliente, idventa) values (10000160, 'V1051');
    insert into Generan (idCliente, idventa) values (10000123, 'V1052');
    insert into Generan (idCliente, idventa) values (10000183, 'V1013');
    insert into Generan (idCliente, idventa) values (10000009, 'V1095');
    insert into Generan (idCliente, idventa) values (10000030, 'V1027');
    insert into Generan (idCliente, idventa) values (10000190, 'V1011');
    insert into Generan (idCliente, idventa) values (10000016, 'V1013');
    insert into Generan (idCliente, idventa) values (10000018, 'V1050');
    insert into Generan (idCliente, idventa) values (10000113, 'V1009');
    insert into Generan (idCliente, idventa) values (10000119, 'V1002');
    insert into Generan (idCliente, idventa) values (10000031, 'V1090');
    insert into Generan (idCliente, idventa) values (10000049, 'V1099');
    insert into Generan (idCliente, idventa) values (10000042, 'V1082');
    insert into Generan (idCliente, idventa) values (10000043, 'V1024');
    insert into Generan (idCliente, idventa) values (10000195, 'V1006');
    insert into Generan (idCliente, idventa) values (10000104, 'V1024');
    insert into Generan (idCliente, idventa) values (10000021, 'V1085');
    insert into Generan (idCliente, idventa) values (10000193, 'V1092');

    insert into SeVenden (idPerecederos, idNoPerecederos, idVenta) values (10000046, 10001081, 'V1009');
    insert into SeVenden (idPerecederos, idNoPerecederos, idVenta) values (10000030, 10001097, 'V1063');
    insert into SeVenden (idPerecederos, idNoPerecederos, idVenta) values (10000052, 10001042, 'V1017');
    insert into SeVenden (idPerecederos, idNoPerecederos, idVenta) values (10000077, 10001060, 'V1018');
    insert into SeVenden (idPerecederos, idNoPerecederos, idVenta) values (10000031, 10001054, 'V1073');
    insert into SeVenden (idPerecederos, idNoPerecederos, idVenta) values (10000040, 10001030, 'V1056');
    insert into SeVenden (idPerecederos, idNoPerecederos, idVenta) values (10000087, 10001031, 'V1005');
    insert into SeVenden (idPerecederos, idNoPerecederos, idVenta) values (10000002, 10001078, 'V1044');
    insert into SeVenden (idPerecederos, idNoPerecederos, idVenta) values (10000065, 10001049, 'V1097');
    insert into SeVenden (idPerecederos, idNoPerecederos, idVenta) values (10000005, 10001084, 'V1008');
    insert into SeVenden (idPerecederos, idNoPerecederos, idVenta) values (10000072, 10001068, 'V1086');
    insert into SeVenden (idPerecederos, idNoPerecederos, idVenta) values (10000091, 10001005, 'V1043');
    insert into SeVenden (idPerecederos, idNoPerecederos, idVenta) values (10000056, 10001056, 'V1071');
    insert into SeVenden (idPerecederos, idNoPerecederos, idVenta) values (10000052, 10001087, 'V1043');
    insert into SeVenden (idPerecederos, idNoPerecederos, idVenta) values (10000088, 10001036, 'V1061');
    insert into SeVenden (idPerecederos, idNoPerecederos, idVenta) values (10000010, 10001073, 'V1065');
    insert into SeVenden (idPerecederos, idNoPerecederos, idVenta) values (10000090, 10001031, 'V1041');
    insert into SeVenden (idPerecederos, idNoPerecederos, idVenta) values (10000009, 10001082, 'V1048');
    insert into SeVenden (idPerecederos, idNoPerecederos, idVenta) values (10000053, 10001081, 'V1089');
    insert into SeVenden (idPerecederos, idNoPerecederos, idVenta) values (10000051, 10001023, 'V1023');
    insert into SeVenden (idPerecederos, idNoPerecederos, idVenta) values (10000090, 10001070, 'V1077');
    insert into SeVenden (idPerecederos, idNoPerecederos, idVenta) values (10000086, 10001098, 'V1038');
    insert into SeVenden (idPerecederos, idNoPerecederos, idVenta) values (10000046, 10001073, 'V1075');
    insert into SeVenden (idPerecederos, idNoPerecederos, idVenta) values (10000002, 10001074, 'V1000');
    insert into SeVenden (idPerecederos, idNoPerecederos, idVenta) values (10000023, 10001037, 'V1069');
    insert into SeVenden (idPerecederos, idNoPerecederos, idVenta) values (10000096, 10001032, 'V1054');
    insert into SeVenden (idPerecederos, idNoPerecederos, idVenta) values (10000080, 10001056, 'V1034');
    insert into SeVenden (idPerecederos, idNoPerecederos, idVenta) values (10000033, 10001016, 'V1033');
    insert into SeVenden (idPerecederos, idNoPerecederos, idVenta) values (10000003, 10001097, 'V1084');
    insert into SeVenden (idPerecederos, idNoPerecederos, idVenta) values (10000025, 10001015, 'V1046');
    insert into SeVenden (idPerecederos, idNoPerecederos, idVenta) values (10000010, 10001075, 'V1082');
    insert into SeVenden (idPerecederos, idNoPerecederos, idVenta) values (10000062, 10001060, 'V1061');
    insert into SeVenden (idPerecederos, idNoPerecederos, idVenta) values (10000005, 10001093, 'V1038');
    insert into SeVenden (idPerecederos, idNoPerecederos, idVenta) values (10000027, 10001039, 'V1083');
    insert into SeVenden (idPerecederos, idNoPerecederos, idVenta) values (10000029, 10001002, 'V1034');
    insert into SeVenden (idPerecederos, idNoPerecederos, idVenta) values (10000002, 10001009, 'V1028');
    insert into SeVenden (idPerecederos, idNoPerecederos, idVenta) values (10000013, 10001016, 'V1066');
    insert into SeVenden (idPerecederos, idNoPerecederos, idVenta) values (10000029, 10001087, 'V1011');
    insert into SeVenden (idPerecederos, idNoPerecederos, idVenta) values (10000011, 10001012, 'V1079');
    insert into SeVenden (idPerecederos, idNoPerecederos, idVenta) values (10000014, 10001072, 'V1017');
    insert into SeVenden (idPerecederos, idNoPerecederos, idVenta) values (10000084, 10001028, 'V1059');
    insert into SeVenden (idPerecederos, idNoPerecederos, idVenta) values (10000075, 10001041, 'V1054');
    insert into SeVenden (idPerecederos, idNoPerecederos, idVenta) values (10000067, 10001095, 'V1087');
    insert into SeVenden (idPerecederos, idNoPerecederos, idVenta) values (10000014, 10001077, 'V1092');
    insert into SeVenden (idPerecederos, idNoPerecederos, idVenta) values (10000058, 10001007, 'V1084');
    insert into SeVenden (idPerecederos, idNoPerecederos, idVenta) values (10000097, 10001033, 'V1000');
    insert into SeVenden (idPerecederos, idNoPerecederos, idVenta) values (10000020, 10001044, 'V1061');
    insert into SeVenden (idPerecederos, idNoPerecederos, idVenta) values (10000086, 10001009, 'V1036');
    insert into SeVenden (idPerecederos, idNoPerecederos, idVenta) values (10000007, 10001006, 'V1096');
    insert into SeVenden (idPerecederos, idNoPerecederos, idVenta) values (10000071, 10001001, 'V1010');
    insert into SeVenden (idPerecederos, idNoPerecederos, idVenta) values (10000060, 10001090, 'V1036');
    insert into SeVenden (idPerecederos, idNoPerecederos, idVenta) values (10000003, 10001028, 'V1091');
    insert into SeVenden (idPerecederos, idNoPerecederos, idVenta) values (10000050, 10001085, 'V1001');
    insert into SeVenden (idPerecederos, idNoPerecederos, idVenta) values (10000061, 10001032, 'V1071');
    insert into SeVenden (idPerecederos, idNoPerecederos, idVenta) values (10000050, 10001026, 'V1084');
    insert into SeVenden (idPerecederos, idNoPerecederos, idVenta) values (10000089, 10001050, 'V1018');
    insert into SeVenden (idPerecederos, idNoPerecederos, idVenta) values (10000070, 10001047, 'V1012');
    insert into SeVenden (idPerecederos, idNoPerecederos, idVenta) values (10000041, 10001063, 'V1026');
    insert into SeVenden (idPerecederos, idNoPerecederos, idVenta) values (10000042, 10001054, 'V1082');
    insert into SeVenden (idPerecederos, idNoPerecederos, idVenta) values (10000028, 10001059, 'V1013');
    insert into SeVenden (idPerecederos, idNoPerecederos, idVenta) values (10000092, 10001025, 'V1014');
    insert into SeVenden (idPerecederos, idNoPerecederos, idVenta) values (10000033, 10001088, 'V1099');
    insert into SeVenden (idPerecederos, idNoPerecederos, idVenta) values (10000085, 10001081, 'V1037');
    insert into SeVenden (idPerecederos, idNoPerecederos, idVenta) values (10000043, 10001074, 'V1066');
    insert into SeVenden (idPerecederos, idNoPerecederos, idVenta) values (10000001, 10001042, 'V1072');
    insert into SeVenden (idPerecederos, idNoPerecederos, idVenta) values (10000039, 10001020, 'V1009');
    insert into SeVenden (idPerecederos, idNoPerecederos, idVenta) values (10000023, 10001082, 'V1062');
    insert into SeVenden (idPerecederos, idNoPerecederos, idVenta) values (10000024, 10001067, 'V1055');
    insert into SeVenden (idPerecederos, idNoPerecederos, idVenta) values (10000050, 10001081, 'V1054');
    insert into SeVenden (idPerecederos, idNoPerecederos, idVenta) values (10000061, 10001053, 'V1037');
    insert into SeVenden (idPerecederos, idNoPerecederos, idVenta) values (10000055, 10001008, 'V1094');
    insert into SeVenden (idPerecederos, idNoPerecederos, idVenta) values (10000042, 10001088, 'V1094');
    insert into SeVenden (idPerecederos, idNoPerecederos, idVenta) values (10000018, 10001034, 'V1037');
    insert into SeVenden (idPerecederos, idNoPerecederos, idVenta) values (10000084, 10001095, 'V1002');
    insert into SeVenden (idPerecederos, idNoPerecederos, idVenta) values (10000057, 10001059, 'V1099');
    insert into SeVenden (idPerecederos, idNoPerecederos, idVenta) values (10000048, 10001016, 'V1024');
    insert into SeVenden (idPerecederos, idNoPerecederos, idVenta) values (10000086, 10001006, 'V1036');
    insert into SeVenden (idPerecederos, idNoPerecederos, idVenta) values (10000093, 10001071, 'V1098');
    insert into SeVenden (idPerecederos, idNoPerecederos, idVenta) values (10000037, 10001019, 'V1006');
    insert into SeVenden (idPerecederos, idNoPerecederos, idVenta) values (10000079, 10001095, 'V1049');
    insert into SeVenden (idPerecederos, idNoPerecederos, idVenta) values (10000077, 10001001, 'V1045');
    insert into SeVenden (idPerecederos, idNoPerecederos, idVenta) values (10000097, 10001065, 'V1076');
    insert into SeVenden (idPerecederos, idNoPerecederos, idVenta) values (10000060, 10001067, 'V1054');
    insert into SeVenden (idPerecederos, idNoPerecederos, idVenta) values (10000002, 10001031, 'V1059');
    insert into SeVenden (idPerecederos, idNoPerecederos, idVenta) values (10000013, 10001042, 'V1010');
    insert into SeVenden (idPerecederos, idNoPerecederos, idVenta) values (10000091, 10001092, 'V1056');
    insert into SeVenden (idPerecederos, idNoPerecederos, idVenta) values (10000007, 10001095, 'V1098');
    insert into SeVenden (idPerecederos, idNoPerecederos, idVenta) values (10000073, 10001036, 'V1014');
    insert into SeVenden (idPerecederos, idNoPerecederos, idVenta) values (10000024, 10001051, 'V1026');
    insert into SeVenden (idPerecederos, idNoPerecederos, idVenta) values (10000057, 10001060, 'V1097');
    insert into SeVenden (idPerecederos, idNoPerecederos, idVenta) values (10000043, 10001021, 'V1060');
    insert into SeVenden (idPerecederos, idNoPerecederos, idVenta) values (10000093, 10001097, 'V1082');
    insert into SeVenden (idPerecederos, idNoPerecederos, idVenta) values (10000048, 10001015, 'V1034');
    insert into SeVenden (idPerecederos, idNoPerecederos, idVenta) values (10000058, 10001045, 'V1072');
    insert into SeVenden (idPerecederos, idNoPerecederos, idVenta) values (10000038, 10001027, 'V1033');
    insert into SeVenden (idPerecederos, idNoPerecederos, idVenta) values (10000003, 10001070, 'V1055');
    insert into SeVenden (idPerecederos, idNoPerecederos, idVenta) values (10000019, 10001016, 'V1096');
    insert into SeVenden (idPerecederos, idNoPerecederos, idVenta) values (10000037, 10001007, 'V1046');
    insert into SeVenden (idPerecederos, idNoPerecederos, idVenta) values (10000073, 10001098, 'V1076');
    insert into SeVenden (idPerecederos, idNoPerecederos, idVenta) values (10000086, 10001072, 'V1017');

--POBLANDONOOK
    /*
    -- CRUD: Personas
    --Nulidad que no se permite
    insert into Personas (id, nombre, apellido, telefono, direccion, fechaDeNacimiento) values (NULL, 'Steven', 'Stainbridge', '3476808419', '961 Corry Junction', '20/05/1982');
    --Tipo de dato incorrecto en nombre
    insert into Personas (id, nombre, apellido, telefono, direccion, fechaDeNacimiento) values (10000000, 15160, 'Stainbridge', '3476808419', '961 Corry Junction', '20/05/1982');
    --Longitud de id sobrepasado
    insert into Personas (id, nombre, apellido, telefono, direccion, fechaDeNacimiento) values (1000000000000000000, 'Steven', 'Stainbridge', '3476808419', '961 Corry Junction', '20/05/1982');

    --CRUD: Proveedores
    --Longitud de id sobrepasada
    insert into Proveedores (id, nombre, direccion, correo) values ('P100088', 'Acosta Sales', '7 Rigney Hill', 'bkleinbaum0@geocities.com');
    --Tipo de dato incorrecto en nombre
    insert into Proveedores (id, nombre, direccion, correo) values ('P1000', 65465, '7 Rigney Hill', 'bkleinbaum0@geocities.com');
    --Nulidad que no se puede poner
    insert into Proveedores (id, nombre, direccion, correo) values ('P1000', 'Acosta Sales', NULL, 'bkleinbaum0@geocities.com');

    --CRUD: Productos
    --Longitud de id sobrepasada 
    insert into noPerecederos (id, tipo, nombre, precio, cantidad, idProveedor) values (10001001415646546, 'D', 'Arroz', 259266223, 48161, 'P1031');
    --Tipo de dato incorrecto en tipo
    insert into noPerecederos (id, tipo, nombre, precio, cantidad, idProveedor) values (10001001, 65456, 'Arroz', 259266223, 48161, 'P1031');
    --Nulidad que no se puede poner
    insert into noPerecederos (id, tipo, nombre, precio, cantidad, idProveedor) values (10001001, 'D', 'Arroz', NULL, 48161, 'P1031');

    --CRUD: Compras
    --Longitud de id sobrepasada 
    insert into Compras (id, idEmpleados, fecha, estado) values ('C10005646546', '10000105', '29/02/2020', 'C');
    --Tipo de dato incorrecto en tipo
    insert into Compras (id, idEmpleados, fecha, estado) values ('C1000', '10000105', '29/02/2020', 5465464);
    --Nulidad que no se puede poner
    insert into Compras (id, idEmpleados, fecha, estado) values (NULL, '10000105', '29/02/2020', 'C');


--Xpoblar
--CICLO DOS

    DELETE FROM SeVenden;
    DELETE FROM Generan;
    DELETE FROM DetallesVentas;
    DELETE FROM Ventas;

--CICLO UNO
    DELETE FROM DetalleProductosCompras;
    DELETE FROM ComprasProveedores;
    DELETE FROM TelefonosP;
    DELETE FROM noPerecederos;
    DELETE FROM Perecederos;
    DELETE FROM Proveedores;
    DELETE FROM DetallesCompras;
    DELETE FROM Compras;
    DELETE FROM Clientes;
    DELETE FROM Empleados;
    DELETE FROM Personas;
*/